"s", 5, 128, 3, 100, 1, "24/07/2019 12:11:19", 1563963079.2, 1.0, 18340, 18457, 18398, 0.283587786259542, 0.283848946199274, 0.2842700293510164
"t", 5, 256, 3, 100, 1, "24/07/2019 12:11:21", 1563963081.13, 1.0, 18340, 18457, 18398, 0.1312431842966194, 0.13360784526196023, 0.1348516143059028
"r", 5, 64, 3, 100, 1, "24/07/2019 12:11:27", 1563963087.03, 1.0, 18340, 18457, 18398, 0.3480370774263904, 0.34826894945007314, 0.34650505489727146
"q", 5, 32, 3, 100, 1, "24/07/2019 12:11:41", 1563963101.46, 1.0, 18340, 18457, 18398, 0.5300436205016358, 0.5284715825973886, 0.5302750298945538
"p", 5, 16, 3, 100, 1, "24/07/2019 12:11:54", 1563963114.7, 1.0, 18340, 18457, 18398, 0.6197382769901854, 0.6149428401148616, 0.6188716164800522
"t", 5, 256, 3, 100, 2, "24/07/2019 12:12:30", 1563963150.77, 1.0, 18340, 18457, 18398, 0.18735005452562706, 0.19363926965378989, 0.19061854549407545
"s", 5, 128, 3, 100, 2, "24/07/2019 12:12:31", 1563963151.44, 1.0, 18340, 18457, 18398, 0.40812431842966196, 0.40797529392642357, 0.4088487879117295
"r", 5, 64, 3, 100, 2, "24/07/2019 12:12:42", 1563963162.76, 1.0, 18340, 18457, 18398, 0.556434023991276, 0.5568077152299941, 0.5562017610609848
"o", 5, 8, 3, 100, 1, "24/07/2019 12:12:43", 1563963163.22, 1.0, 18340, 18457, 18398, 0.6625954198473283, 0.6564988893102888, 0.6576801826285466
"q", 5, 32, 3, 100, 2, "24/07/2019 12:13:08", 1563963188.96, 1.0, 18340, 18457, 18398, 0.6207742639040349, 0.6190605190442651, 0.6207196434395043
"p", 5, 16, 3, 100, 2, "24/07/2019 12:13:39", 1563963219.3, 1.0, 18340, 18457, 18398, 0.6361504907306434, 0.6284878365931625, 0.6297967170344603
"t", 5, 256, 3, 100, 3, "24/07/2019 12:13:39", 1563963219.67, 1.0, 18340, 18457, 18398, 0.3201744820065431, 0.3196077369019884, 0.3198717251875204
"s", 5, 128, 3, 100, 3, "24/07/2019 12:13:42", 1563963222.99, 1.0, 18340, 18457, 18398, 0.5438931297709924, 0.5415831391883839, 0.54467876943146
"r", 5, 64, 3, 100, 3, "24/07/2019 12:13:57", 1563963237.2, 1.0, 18340, 18457, 18398, 0.6136859323882224, 0.6109877011431977, 0.6092510055440808
"q", 5, 32, 3, 100, 3, "24/07/2019 12:14:32", 1563963272.61, 1.0, 18340, 18457, 18398, 0.6412758996728463, 0.6374817142547543, 0.6388194368953147
"t", 5, 256, 3, 100, 4, "24/07/2019 12:14:48", 1563963288.97, 1.0, 18340, 18457, 18398, 0.47464558342420937, 0.4777591157826299, 0.4802695945211436
"s", 5, 128, 3, 100, 4, "24/07/2019 12:14:54", 1563963294.16, 1.0, 18340, 18457, 18398, 0.5575790621592148, 0.5553990355962507, 0.5565278834655941
"o", 5, 8, 3, 100, 2, "24/07/2019 12:15:10", 1563963310.33, 1.0, 18340, 18457, 18398, 0.7353871319520174, 0.7199978328005635, 0.7221437112729645
"r", 5, 64, 3, 100, 4, "24/07/2019 12:15:11", 1563963311.22, 1.0, 18340, 18457, 18398, 0.6577971646673937, 0.653356450127323, 0.6543646048483531
"p", 5, 16, 3, 100, 3, "24/07/2019 12:15:25", 1563963325.72, 1.0, 18340, 18457, 18398, 0.6893675027262813, 0.6710733055209406, 0.674040656593108
"t", 5, 256, 3, 100, 5, "24/07/2019 12:15:54", 1563963354.33, 1.0, 18340, 18457, 18398, 0.5224645583424209, 0.5226743241046757, 0.5259267311664312
"q", 5, 32, 3, 100, 4, "24/07/2019 12:15:59", 1563963359.92, 1.0, 18340, 18457, 18398, 0.6715376226826608, 0.6594246085496018, 0.6612131753451462
"s", 5, 128, 3, 100, 5, "24/07/2019 12:16:01", 1563963361.59, 1.0, 18340, 18457, 18398, 0.5546892039258452, 0.5483014574416211, 0.550603326448527
"r", 5, 64, 3, 100, 5, "24/07/2019 12:16:27", 1563963387.28, 1.0, 18340, 18457, 18398, 0.680370774263904, 0.6687435661266729, 0.6684965757147516
"t", 5, 256, 3, 100, 6, "24/07/2019 12:17:03", 1563963423.5, 1.0, 18340, 18457, 18398, 0.541330425299891, 0.5397410196673349, 0.5419610827263833
"s", 5, 128, 3, 100, 6, "24/07/2019 12:17:13", 1563963433.23, 1.0, 18340, 18457, 18398, 0.5708833151581243, 0.5663433927507179, 0.5688118273725405
"p", 5, 16, 3, 100, 4, "24/07/2019 12:17:13", 1563963433.29, 1.0, 18340, 18457, 18398, 0.7293893129770992, 0.7042856368857344, 0.7102402435047288
"q", 5, 32, 3, 100, 5, "24/07/2019 12:17:23", 1563963443.28, 1.0, 18340, 18457, 18398, 0.6948200654307525, 0.6807173430134908, 0.6845852810088053
"o", 5, 8, 3, 100, 3, "24/07/2019 12:17:38", 1563963458.42, 1.0, 18340, 18457, 18398, 0.7669029443838604, 0.7466543858698597, 0.7492118708555278
"r", 5, 64, 3, 100, 6, "24/07/2019 12:17:40", 1563963460.71, 1.0, 18340, 18457, 18398, 0.6940567066521265, 0.677574903830525, 0.6803456897488858
"t", 5, 256, 3, 100, 7, "24/07/2019 12:18:12", 1563963492.81, 1.0, 18340, 18457, 18398, 0.5550708833151581, 0.5525274963428509, 0.5537558430264159
"s", 5, 128, 3, 100, 7, "24/07/2019 12:18:23", 1563963503.48, 1.0, 18340, 18457, 18398, 0.5923118865866958, 0.5867150674540824, 0.591205565822372
"q", 5, 32, 3, 100, 6, "24/07/2019 12:18:50", 1563963530.79, 1.0, 18340, 18457, 18398, 0.7257906215921484, 0.7152299940402016, 0.7151864333079683
"r", 5, 64, 3, 100, 7, "24/07/2019 12:18:55", 1563963535.01, 1.0, 18340, 18457, 18398, 0.7300436205016357, 0.7078073359700926, 0.7143711272964453
"p", 5, 16, 3, 100, 5, "24/07/2019 12:18:57", 1563963537.08, 1.0, 18340, 18457, 18398, 0.750381679389313, 0.7262285311805818, 0.7298075877812805
"t", 5, 256, 3, 100, 8, "24/07/2019 12:19:20", 1563963560.76, 1.0, 18340, 18457, 18398, 0.5597600872410032, 0.5551281356666847, 0.5586476790955539
"s", 5, 128, 3, 100, 8, "24/07/2019 12:19:34", 1563963574.67, 1.0, 18340, 18457, 18398, 0.6356052344601963, 0.6279460367340305, 0.6318621589303185
"o", 5, 8, 3, 100, 4, "24/07/2019 12:20:06", 1563963606.92, 1.0, 18340, 18457, 18398, 0.8046892039258452, 0.7808419569810912, 0.7824763561256658
"r", 5, 64, 3, 100, 8, "24/07/2019 12:20:10", 1563963610.54, 1.0, 18340, 18457, 18398, 0.7487459105779717, 0.7239529717722274, 0.7271442548103054
"q", 5, 32, 3, 100, 7, "24/07/2019 12:20:22", 1563963622.53, 1.0, 18340, 18457, 18398, 0.7226281352235551, 0.7060193964349569, 0.7057832373084031
"t", 5, 256, 3, 100, 9, "24/07/2019 12:20:27", 1563963627.82, 1.0, 18340, 18457, 18398, 0.5695201744820065, 0.5671560925394159, 0.5671812153494945
"p", 5, 16, 3, 100, 6, "24/07/2019 12:20:45", 1563963645.08, 1.0, 18340, 18457, 18398, 0.7654307524536532, 0.7421032670531506, 0.7452440482661159
"s", 5, 128, 3, 100, 9, "24/07/2019 12:20:45", 1563963645.72, 1.0, 18340, 18457, 18398, 0.663958560523446, 0.6505390908598364, 0.6571909990216328
"r", 5, 64, 3, 100, 9, "24/07/2019 12:21:28", 1563963688.68, 1.0, 18340, 18457, 18398, 0.7679934569247546, 0.743837026602373, 0.7490488096532232
"t", 5, 256, 3, 100, 10, "24/07/2019 12:21:37", 1563963697.4, 1.0, 18340, 18457, 18398, 0.591330425299891, 0.5846020480034675, 0.585389716273508
"q", 5, 32, 3, 100, 8, "24/07/2019 12:21:47", 1563963707.58, 1.0, 18340, 18457, 18398, 0.7540348964013086, 0.7387441079265319, 0.7402435047287749
"s", 5, 128, 3, 100, 10, "24/07/2019 12:21:58", 1563963718.29, 1.0, 18340, 18457, 18398, 0.6676663031624863, 0.6540066099582814, 0.6579519512990543
"o", 5, 8, 3, 100, 5, "24/07/2019 12:22:33", 1563963753.76, 1.0, 18340, 18457, 18398, 0.8435659760087241, 0.814596088205017, 0.8183498206326775
"p", 5, 16, 3, 100, 7, "24/07/2019 12:22:34", 1563963754.16, 1.0, 18340, 18457, 18398, 0.8105234460196292, 0.7790540174459555, 0.7806826829003153
"r", 5, 64, 3, 100, 10, "24/07/2019 12:22:46", 1563963766.06, 1.0, 18340, 18457, 18398, 0.7727371864776444, 0.7463293059543804, 0.7512229590172845
"t", 5, 256, 3, 100, 11, "24/07/2019 12:22:49", 1563963769.38, 1.0, 18340, 18457, 18398, 0.6035441657579063, 0.595383865200195, 0.5967496467007284
"n", 5, 1, 3, 100, 1, "24/07/2019 12:22:59", 1563963779.61, 1.0, 18340, 18457, 18398, 0.6902399127589968, 0.6799046432247927, 0.6783889553212306
"s", 5, 128, 3, 100, 11, "24/07/2019 12:23:07", 1563963787.91, 1.0, 18340, 18457, 18398, 0.6702290076335878, 0.654169149916021, 0.6617567126861615
"q", 5, 32, 3, 100, 9, "24/07/2019 12:23:14", 1563963794.92, 1.0, 18340, 18457, 18398, 0.7696292257360959, 0.7505553448556104, 0.7541037069246658
"t", 5, 256, 3, 100, 12, "24/07/2019 12:23:59", 1563963839.32, 1.0, 18340, 18457, 18398, 0.6434569247546347, 0.6325513355366528, 0.6358299815197304
"r", 5, 64, 3, 100, 11, "24/07/2019 12:24:01", 1563963841.12, 1.0, 18340, 18457, 18398, 0.7988004362050164, 0.7729858590236767, 0.7748124796173497
"s", 5, 128, 3, 100, 12, "24/07/2019 12:24:17", 1563963857.3, 1.0, 18340, 18457, 18398, 0.6941657579062159, 0.6793628433656608, 0.6817045331014241
"p", 5, 16, 3, 100, 8, "24/07/2019 12:24:22", 1563963862.3, 1.0, 18340, 18457, 18398, 0.8276990185387132, 0.7959039930649618, 0.7953581911077291
"q", 5, 32, 3, 100, 10, "24/07/2019 12:24:40", 1563963880.75, 1.0, 18340, 18457, 18398, 0.7853871319520175, 0.7598201224467681, 0.7638873790629416
"o", 5, 8, 3, 100, 6, "24/07/2019 12:25:00", 1563963900.56, 1.0, 18340, 18457, 18398, 0.8680479825517994, 0.8365389824998646, 0.8415045113599304
"t", 5, 256, 3, 100, 13, "24/07/2019 12:25:07", 1563963907.11, 1.0, 18340, 18457, 18398, 0.6615049073064341, 0.6522186704231457, 0.6517556256114795
"r", 5, 64, 3, 100, 12, "24/07/2019 12:25:15", 1563963915.55, 1.0, 18340, 18457, 18398, 0.8034896401308615, 0.7761282982066424, 0.7762800304380911
"s", 5, 128, 3, 100, 13, "24/07/2019 12:25:25", 1563963925.92, 1.0, 18340, 18457, 18398, 0.7158124318429662, 0.6940997995340521, 0.69893466681161
"q", 5, 32, 3, 100, 11, "24/07/2019 12:26:04", 1563963964.25, 1.0, 18340, 18457, 18398, 0.798691384950927, 0.7680554803055751, 0.7747581258832482
"p", 5, 16, 3, 100, 9, "24/07/2019 12:26:05", 1563963965.55, 1.0, 18340, 18457, 18398, 0.8374591057797165, 0.8046811507829008, 0.8095445157082292
"t", 5, 256, 3, 100, 14, "24/07/2019 12:26:16", 1563963976.25, 1.0, 18340, 18457, 18398, 0.673773173391494, 0.6602373083382999, 0.6614305902815524
"r", 5, 64, 3, 100, 13, "24/07/2019 12:26:29", 1563963989.39, 1.0, 18340, 18457, 18398, 0.8212104689203926, 0.7938451536002601, 0.7938906402869877
"s", 5, 128, 3, 100, 14, "24/07/2019 12:26:36", 1563963996.73, 1.0, 18340, 18457, 18398, 0.7229007633587786, 0.6995177981253725, 0.7039895640830525
"t", 5, 256, 3, 100, 15, "24/07/2019 12:27:24", 1563964044.84, 1.0, 18340, 18457, 18398, 0.7010905125408943, 0.685810261689332, 0.6849657571475161
"o", 5, 8, 3, 100, 7, "24/07/2019 12:27:29", 1563964049.32, 1.0, 18340, 18457, 18398, 0.8962922573609596, 0.8661212548084738, 0.8661811066420263
"q", 5, 32, 3, 100, 12, "24/07/2019 12:27:31", 1563964051.12, 1.0, 18340, 18457, 18398, 0.8219738276990185, 0.7936284336566073, 0.7963909120556583
"s", 5, 128, 3, 100, 15, "24/07/2019 12:27:43", 1563964063.01, 1.0, 18340, 18457, 18398, 0.7299890948745911, 0.7080782358996587, 0.7126318078051962
"r", 5, 64, 3, 100, 14, "24/07/2019 12:27:46", 1563964066.75, 1.0, 18340, 18457, 18398, 0.8170665212649946, 0.7868559354174568, 0.7876399608653114
"p", 5, 16, 3, 100, 10, "24/07/2019 12:27:51", 1563964071.2, 1.0, 18340, 18457, 18398, 0.8625954198473282, 0.8311209839085442, 0.8297097510598979
"t", 5, 256, 3, 100, 16, "24/07/2019 12:28:33", 1563964113.95, 1.0, 18340, 18457, 18398, 0.7073064340239913, 0.6898737606328222, 0.6914338515055984
"q", 5, 32, 3, 100, 13, "24/07/2019 12:28:53", 1563964133.78, 1.0, 18340, 18457, 18398, 0.8309160305343511, 0.8040851709378556, 0.8055766931188173
"s", 5, 128, 3, 100, 16, "24/07/2019 12:28:54", 1563964134.24, 1.0, 18340, 18457, 18398, 0.7291166848418756, 0.708186595871485, 0.7130666376780085
"r", 5, 64, 3, 100, 15, "24/07/2019 12:29:02", 1563964142.54, 1.0, 18340, 18457, 18398, 0.828298800436205, 0.8017012515576746, 0.8008479182519839
"p", 5, 16, 3, 100, 11, "24/07/2019 12:29:37", 1563964177.82, 1.0, 18340, 18457, 18398, 0.8808069792802617, 0.8479709595275505, 0.8485704967931297
"t", 5, 256, 3, 100, 17, "24/07/2019 12:29:41", 1563964181.23, 1.0, 18340, 18457, 18398, 0.7000545256270447, 0.6809882429430568, 0.6825198391129471
"o", 5, 8, 3, 100, 8, "24/07/2019 12:29:55", 1563964195.36, 1.0, 18340, 18457, 18398, 0.9095965103598691, 0.8857885896949667, 0.884715729970649
"s", 5, 128, 3, 100, 17, "24/07/2019 12:30:05", 1563964205.61, 1.0, 18340, 18457, 18398, 0.7309705561613958, 0.7110581351248849, 0.7142624198282422
"r", 5, 64, 3, 100, 16, "24/07/2019 12:30:14", 1563964214.5, 1.0, 18340, 18457, 18398, 0.8525627044711014, 0.8216394863737335, 0.8223719969561909
"q", 5, 32, 3, 100, 14, "24/07/2019 12:30:16", 1563964216.48, 1.0, 18340, 18457, 18398, 0.8478735005452562, 0.8149211681204963, 0.815849548864007
"t", 5, 256, 3, 100, 18, "24/07/2019 12:30:52", 1563964252.91, 1.0, 18340, 18457, 18398, 0.7235550708833152, 0.7046107168012137, 0.7037177954125449
"s", 5, 128, 3, 100, 18, "24/07/2019 12:31:17", 1563964277.19, 1.0, 18340, 18457, 18398, 0.7256270447110141, 0.7041230969279948, 0.7065441895858245
"p", 5, 16, 3, 100, 12, "24/07/2019 12:31:21", 1563964281.81, 1.0, 18340, 18457, 18398, 0.8913849509269357, 0.8578317169637536, 0.8592781824111316
"r", 5, 64, 3, 100, 17, "24/07/2019 12:31:30", 1563964290.53, 1.0, 18340, 18457, 18398, 0.8483642311886587, 0.8161673077964999, 0.8178062832916622
"q", 5, 32, 3, 100, 15, "24/07/2019 12:31:40", 1563964300.07, 1.0, 18340, 18457, 18398, 0.8701199563794983, 0.8341550631196836, 0.837482335036417
"t", 5, 256, 3, 100, 19, "24/07/2019 12:31:59", 1563964319.63, 1.0, 18340, 18457, 18398, 0.7293893129770992, 0.7062902963645229, 0.710675073377541
"o", 5, 8, 3, 100, 9, "24/07/2019 12:32:26", 1563964346.6, 1.0, 18340, 18457, 18398, 0.9006543075245366, 0.8745191526250203, 0.8732470920752256
"s", 5, 128, 3, 100, 19, "24/07/2019 12:32:27", 1563964347.09, 1.0, 18340, 18457, 18398, 0.750381679389313, 0.7261201712087555, 0.7296445265789759
"r", 5, 64, 3, 100, 18, "24/07/2019 12:32:51", 1563964371.7, 1.0, 18340, 18457, 18398, 0.8646673936750273, 0.8370807823589966, 0.8357973692792695
"q", 5, 32, 3, 100, 16, "24/07/2019 12:33:06", 1563964386.78, 1.0, 18340, 18457, 18398, 0.8715921483097055, 0.8370266023730834, 0.8390585933253615
"t", 5, 256, 3, 100, 20, "24/07/2019 12:33:07", 1563964387.21, 1.0, 18340, 18457, 18398, 0.7358233369683751, 0.7144172942515035, 0.7154582019784759
"p", 5, 16, 3, 100, 13, "24/07/2019 12:33:10", 1563964390.31, 1.0, 18340, 18457, 18398, 0.9038167938931297, 0.8682342742590887, 0.8736819219480378
"s", 5, 128, 3, 100, 20, "24/07/2019 12:33:40", 1563964420.59, 1.0, 18340, 18457, 18398, 0.7765539803707743, 0.7466002058839465, 0.7519295575606044
"r", 5, 64, 3, 100, 19, "24/07/2019 12:34:06", 1563964446.17, 1.0, 18340, 18457, 18398, 0.8715921483097055, 0.8424446009644038, 0.8415045113599304
"t", 5, 256, 3, 100, 21, "24/07/2019 12:34:14", 1563964454.67, 1.0, 18340, 18457, 18398, 0.739040348964013, 0.712683534702281, 0.7170344602674203
"q", 5, 32, 3, 100, 17, "24/07/2019 12:34:36", 1563964476.54, 1.0, 18340, 18457, 18398, 0.8932388222464558, 0.855827057484965, 0.854114577671486
"s", 5, 128, 3, 100, 21, "24/07/2019 12:34:49", 1563964489.29, 1.0, 18340, 18457, 18398, 0.7673936750272629, 0.7387982879124452, 0.7419284704859224
"o", 5, 8, 3, 100, 10, "24/07/2019 12:34:52", 1563964492.8, 1.0, 18340, 18457, 18398, 0.9264994547437295, 0.895974427046649, 0.8993368844439613
"p", 5, 16, 3, 100, 14, "24/07/2019 12:34:59", 1563964499.54, 1.0, 18340, 18457, 18398, 0.9153217011995638, 0.882158530638782, 0.8828677030111969
"t", 5, 256, 3, 100, 22, "24/07/2019 12:35:19", 1563964519.09, 1.0, 18340, 18457, 18398, 0.7419302071973828, 0.7155008939697676, 0.7182845961517557
"r", 5, 64, 3, 100, 20, "24/07/2019 12:35:21", 1563964521.98, 1.0, 18340, 18457, 18398, 0.8805888767720829, 0.8489461992739882, 0.8487335579954343
"s", 5, 128, 3, 100, 22, "24/07/2019 12:35:57", 1563964557.48, 1.0, 18340, 18457, 18398, 0.7684296619411123, 0.7387982879124452, 0.7441026198499837
"n", 5, 1, 3, 100, 2, "24/07/2019 12:36:01", 1563964561.16, 1.0, 18340, 18457, 18398, 0.7460741548527808, 0.7218399523216124, 0.7237743232960104
"q", 5, 32, 3, 100, 18, "24/07/2019 12:36:04", 1563964564.44, 1.0, 18340, 18457, 18398, 0.9026717557251909, 0.8644958552310776, 0.8685726709424938
"t", 5, 256, 3, 100, 23, "24/07/2019 12:36:30", 1563964590.1, 1.0, 18340, 18457, 18398, 0.7440021810250818, 0.7162052337866393, 0.7211653440591369
"r", 5, 64, 3, 100, 21, "24/07/2019 12:36:39", 1563964599.52, 1.0, 18340, 18457, 18398, 0.8863685932388222, 0.8569648371891423, 0.856560495706055
"p", 5, 16, 3, 100, 15, "24/07/2019 12:36:46", 1563964606.79, 1.0, 18340, 18457, 18398, 0.9224100327153762, 0.8886059489624533, 0.8924339602130666
"s", 5, 128, 3, 100, 23, "24/07/2019 12:37:08", 1563964628.07, 1.0, 18340, 18457, 18398, 0.7871864776444929, 0.756840223221542, 0.7619849983693879
"o", 5, 8, 3, 100, 11, "24/07/2019 12:37:22", 1563964642.61, 1.0, 18340, 18457, 18398, 0.9227371864776445, 0.8967329468494338, 0.8976519186868138
"q", 5, 32, 3, 100, 19, "24/07/2019 12:37:29", 1563964649.85, 1.0, 18340, 18457, 18398, 0.9153762268266085, 0.8780408517093785, 0.8775953908033481
"t", 5, 256, 3, 100, 24, "24/07/2019 12:37:40", 1563964660.02, 1.0, 18340, 18457, 18398, 0.7553435114503817, 0.7258492712791894, 0.7301337101858898
"r", 5, 64, 3, 100, 22, "24/07/2019 12:37:54", 1563964674.54, 1.0, 18340, 18457, 18398, 0.8791712104689204, 0.8460204800346752, 0.8446026742037178
"s", 5, 128, 3, 100, 24, "24/07/2019 12:38:18", 1563964698.12, 1.0, 18340, 18457, 18398, 0.7919302071973827, 0.7626374817142547, 0.768616153929775
"p", 5, 16, 3, 100, 16, "24/07/2019 12:38:32", 1563964712.76, 1.0, 18340, 18457, 18398, 0.9223009814612868, 0.891477488215853, 0.8936840960974018
"t", 5, 256, 3, 100, 25, "24/07/2019 12:38:47", 1563964727.85, 1.0, 18340, 18457, 18398, 0.7588876772082879, 0.7334886492929512, 0.7343189477117078
"q", 5, 32, 3, 100, 20, "24/07/2019 12:38:55", 1563964735.69, 1.0, 18340, 18457, 18398, 0.9206652126499455, 0.8836213902584386, 0.8845526687683444
"r", 5, 64, 3, 100, 23, "24/07/2019 12:39:08", 1563964748.4, 1.0, 18340, 18457, 18398, 0.8951472191930208, 0.864062415343772, 0.8638438960756604
"s", 5, 128, 3, 100, 25, "24/07/2019 12:39:29", 1563964769.08, 1.0, 18340, 18457, 18398, 0.8066521264994547, 0.7742319986996803, 0.7781280573975432
"o", 5, 8, 3, 100, 12, "24/07/2019 12:39:53", 1563964793.18, 1.0, 18340, 18457, 18398, 0.9399672846237732, 0.9127702226797421, 0.9131970866398521
"t", 5, 256, 3, 100, 26, "24/07/2019 12:39:56", 1563964796.47, 1.0, 18340, 18457, 18398, 0.755834242093784, 0.7255783713496234, 0.7295358191107729
"p", 5, 16, 3, 100, 17, "24/07/2019 12:40:17", 1563964817.89, 1.0, 18340, 18457, 18398, 0.9320610687022901, 0.8960827870184753, 0.8996630068485705
"q", 5, 32, 3, 100, 21, "24/07/2019 12:40:21", 1563964821.21, 1.0, 18340, 18457, 18398, 0.9284078516902944, 0.8894728287370646, 0.8874877704098272
"r", 5, 64, 3, 100, 24, "24/07/2019 12:40:22", 1563964822.67, 1.0, 18340, 18457, 18398, 0.89340239912759, 0.8602698163298478, 0.8598217197521469
"s", 5, 128, 3, 100, 26, "24/07/2019 12:40:37", 1563964837.09, 1.0, 18340, 18457, 18398, 0.8137404580152672, 0.7843094760795363, 0.7854658115012502
"t", 5, 256, 3, 100, 27, "24/07/2019 12:41:01", 1563964861.25, 1.0, 18340, 18457, 18398, 0.7672846237731734, 0.7378230481660075, 0.7401347972605719
"r", 5, 64, 3, 100, 25, "24/07/2019 12:41:37", 1563964897.28, 1.0, 18340, 18457, 18398, 0.9004907306434023, 0.8657961748929945, 0.8658006305033156
"q", 5, 32, 3, 100, 22, "24/07/2019 12:41:47", 1563964907.4, 1.0, 18340, 18457, 18398, 0.9328789531079608, 0.8932654277509888, 0.8958038917273616
"s", 5, 128, 3, 100, 27, "24/07/2019 12:41:48", 1563964908.72, 1.0, 18340, 18457, 18398, 0.8188113413304253, 0.7864766755160644, 0.7864441787150778
"p", 5, 16, 3, 100, 18, "24/07/2019 12:42:02", 1563964922.22, 1.0, 18340, 18457, 18398, 0.9251908396946565, 0.8899062686243702, 0.8922708990107621
"t", 5, 256, 3, 100, 28, "24/07/2019 12:42:05", 1563964925.75, 1.0, 18340, 18457, 18398, 0.7665757906215922, 0.7380397681096603, 0.7417110555495162
"o", 5, 8, 3, 100, 13, "24/07/2019 12:42:23", 1563964943.49, 1.0, 18340, 18457, 18398, 0.9428026172300982, 0.9158584818767947, 0.9187411675182084
"r", 5, 64, 3, 100, 26, "24/07/2019 12:42:51", 1563964971.95, 1.0, 18340, 18457, 18398, 0.9096510359869139, 0.878961911469903, 0.8779215132079574
"s", 5, 128, 3, 100, 28, "24/07/2019 12:42:57", 1563964977.29, 1.0, 18340, 18457, 18398, 0.8171210468920392, 0.7862599555724116, 0.787694314599413
"t", 5, 256, 3, 100, 29, "24/07/2019 12:43:13", 1563964993.75, 1.0, 18340, 18457, 18398, 0.7739367502726281, 0.7465460258980333, 0.7486683335145125
"q", 5, 32, 3, 100, 23, "24/07/2019 12:43:14", 1563964994.42, 1.0, 18340, 18457, 18398, 0.938876772082879, 0.9044265048491087, 0.9041743667789978
"p", 5, 16, 3, 100, 19, "24/07/2019 12:43:46", 1563965026.43, 1.0, 18340, 18457, 18398, 0.9361504907306434, 0.9044265048491087, 0.9038482443743885
"s", 5, 128, 3, 100, 29, "24/07/2019 12:44:05", 1563965045.85, 1.0, 18340, 18457, 18398, 0.815648854961832, 0.7829007964457929, 0.7834003696053919
"r", 5, 64, 3, 100, 27, "24/07/2019 12:44:06", 1563965046.75, 1.0, 18340, 18457, 18398, 0.8913304252998909, 0.8598363764425421, 0.86063702576367
"t", 5, 256, 3, 100, 30, "24/07/2019 12:44:23", 1563965063.38, 1.0, 18340, 18457, 18398, 0.7862595419847328, 0.7538061440104026, 0.7547559517338841
"q", 5, 32, 3, 100, 24, "24/07/2019 12:44:44", 1563965084.98, 1.0, 18340, 18457, 18398, 0.9324972737186478, 0.8954326271875169, 0.8968366126752908
"o", 5, 8, 3, 100, 14, "24/07/2019 12:44:53", 1563965093.72, 1.0, 18340, 18457, 18398, 0.9478735005452563, 0.920192880749851, 0.9214588542232851
"s", 5, 128, 3, 100, 30, "24/07/2019 12:45:18", 1563965118.24, 1.0, 18340, 18457, 18398, 0.8419847328244274, 0.8090697296418703, 0.8095988694423307
"r", 5, 64, 3, 100, 28, "24/07/2019 12:45:22", 1563965122.1, 1.0, 18340, 18457, 18398, 0.904907306434024, 0.8713225334561413, 0.872268724861398
"p", 5, 16, 3, 100, 20, "24/07/2019 12:45:33", 1563965133.79, 1.0, 18340, 18457, 18398, 0.9504362050163577, 0.9171046215527984, 0.9142841613218828
"t", 5, 256, 3, 100, 31, "24/07/2019 12:45:35", 1563965135.54, 1.0, 18340, 18457, 18398, 0.7791166848418757, 0.7455707861515956, 0.7506794216762691
"q", 5, 32, 3, 100, 25, "24/07/2019 12:46:09", 1563965169.12, 1.0, 18340, 18457, 18398, 0.9496183206106871, 0.9136912824402665, 0.9153168822698119
"s", 5, 128, 3, 100, 31, "24/07/2019 12:46:32", 1563965192.06, 1.0, 18340, 18457, 18398, 0.8348964013086151, 0.8048436907406404, 0.8036743124252637
"r", 5, 64, 3, 100, 29, "24/07/2019 12:46:37", 1563965197.41, 1.0, 18340, 18457, 18398, 0.9172846237731734, 0.8862220295822724, 0.8834112403522122
"t", 5, 256, 3, 100, 32, "24/07/2019 12:46:44", 1563965204.2, 1.0, 18340, 18457, 18398, 0.7904580152671755, 0.7570027631792816, 0.7619306446352865
"p", 5, 16, 3, 100, 21, "24/07/2019 12:47:23", 1563965243.55, 1.0, 18340, 18457, 18398, 0.9414394765539804, 0.9088692636939915, 0.9097728013914556
"o", 5, 8, 3, 100, 15, "24/07/2019 12:47:29", 1563965249.12, 1.0, 18340, 18457, 18398, 0.9511995637949836, 0.9206805006230698, 0.9230894662463311
"q", 5, 32, 3, 100, 26, "24/07/2019 12:47:35", 1563965255.11, 1.0, 18340, 18457, 18398, 0.944711014176663, 0.9066478842715501, 0.9075442982932928
"s", 5, 128, 3, 100, 32, "24/07/2019 12:47:44", 1563965264.19, 1.0, 18340, 18457, 18398, 0.8512540894220284, 0.8175759874302433, 0.8195456027829112
"r", 5, 64, 3, 100, 30, "24/07/2019 12:47:51", 1563965271.13, 1.0, 18340, 18457, 18398, 0.921319520174482, 0.8897437286666305, 0.8869985868029133
"t", 5, 256, 3, 100, 33, "24/07/2019 12:47:51", 1563965271.78, 1.0, 18340, 18457, 18398, 0.7937840785169029, 0.7580863628975456, 0.7629633655832155
"n", 5, 1, 3, 100, 3, "24/07/2019 12:48:10", 1563965290.73, 1.0, 18340, 18457, 18398, 0.7788440567066521, 0.7570569431651948, 0.7564952712251332
"s", 5, 128, 3, 100, 33, "24/07/2019 12:48:54", 1563965334.16, 1.0, 18340, 18457, 18398, 0.8499454743729553, 0.8179552473316357, 0.8200891401239265
"q", 5, 32, 3, 100, 27, "24/07/2019 12:48:58", 1563965338.13, 1.0, 18340, 18457, 18398, 0.9583969465648855, 0.9194343609470661, 0.9214045004891837
"t", 5, 256, 3, 100, 34, "24/07/2019 12:49:02", 1563965342.86, 1.0, 18340, 18457, 18398, 0.7898582333696837, 0.7566235032778892, 0.7610609848896619
"r", 5, 64, 3, 100, 31, "24/07/2019 12:49:07", 1563965347.06, 1.0, 18340, 18457, 18398, 0.920010905125409, 0.8868180094273176, 0.8886835525600609
"p", 5, 16, 3, 100, 22, "24/07/2019 12:49:07", 1563965347.37, 1.0, 18340, 18457, 18398, 0.9565430752453653, 0.9203554207075906, 0.9200456571366453
"o", 5, 8, 3, 100, 16, "24/07/2019 12:49:59", 1563965399.8, 1.0, 18340, 18457, 18398, 0.954525627044711, 0.9276697188058731, 0.9291227307316012
"s", 5, 128, 3, 100, 34, "24/07/2019 12:50:02", 1563965402.85, 1.0, 18340, 18457, 18398, 0.8661941112322792, 0.8339383431760308, 0.8321013153603652
"t", 5, 256, 3, 100, 35, "24/07/2019 12:50:11", 1563965411.82, 1.0, 18340, 18457, 18398, 0.8130861504907306, 0.7743945386574199, 0.7796499619523861
"r", 5, 64, 3, 100, 32, "24/07/2019 12:50:22", 1563965422.62, 1.0, 18340, 18457, 18398, 0.9263904034896401, 0.8970038467789998, 0.8968909664093924
"q", 5, 32, 3, 100, 28, "24/07/2019 12:50:23", 1563965423.61, 1.0, 18340, 18457, 18398, 0.954525627044711, 0.9191634610175001, 0.920426133275356
"p", 5, 16, 3, 100, 23, "24/07/2019 12:50:54", 1563965454.45, 1.0, 18340, 18457, 18398, 0.9591603053435115, 0.926044319228477, 0.927872594847266
"s", 5, 128, 3, 100, 35, "24/07/2019 12:51:12", 1563965472.07, 1.0, 18340, 18457, 18398, 0.8405125408942202, 0.8096115295010023, 0.8132405696271334
"t", 5, 256, 3, 100, 36, "24/07/2019 12:51:21", 1563965481.71, 1.0, 18340, 18457, 18398, 0.8059978189749182, 0.769084900037926, 0.771062071964344
"r", 5, 64, 3, 100, 33, "24/07/2019 12:51:35", 1563965495.78, 1.0, 18340, 18457, 18398, 0.9278625954198473, 0.8977623665817847, 0.8958582454614632
"q", 5, 32, 3, 100, 29, "24/07/2019 12:51:47", 1563965507.59, 1.0, 18340, 18457, 18398, 0.9527262813522356, 0.9182965812428889, 0.918686813784107
"s", 5, 128, 3, 100, 36, "24/07/2019 12:52:22", 1563965542.46, 1.0, 18340, 18457, 18398, 0.8574700109051254, 0.8258655252749634, 0.826774649418415
"o", 5, 8, 3, 100, 17, "24/07/2019 12:52:25", 1563965545.88, 1.0, 18340, 18457, 18398, 0.9514176663031625, 0.9209514005526358, 0.9226546363735189
"t", 5, 256, 3, 100, 37, "24/07/2019 12:52:31", 1563965551.73, 1.0, 18340, 18457, 18398, 0.8139585605234461, 0.7728774990518502, 0.7791607783454724
"p", 5, 16, 3, 100, 24, "24/07/2019 12:52:40", 1563965560.66, 1.0, 18340, 18457, 18398, 0.958124318429662, 0.9236062198623828, 0.9248287857375802
"r", 5, 64, 3, 100, 34, "24/07/2019 12:52:49", 1563965569.97, 1.0, 18340, 18457, 18398, 0.9362595419847328, 0.9082732838489462, 0.9056419175997391
"q", 5, 32, 3, 100, 30, "24/07/2019 12:53:12", 1563965592.19, 1.0, 18340, 18457, 18398, 0.9617230098146129, 0.9256108793411714, 0.9260245678878138
"s", 5, 128, 3, 100, 37, "24/07/2019 12:53:31", 1563965611.06, 1.0, 18340, 18457, 18398, 0.865103598691385, 0.8324754835563742, 0.8307424720078269
"t", 5, 256, 3, 100, 38, "24/07/2019 12:53:40", 1563965620.16, 1.0, 18340, 18457, 18398, 0.7997818974918212, 0.7666468006718318, 0.7711164256984455
"r", 5, 64, 3, 100, 35, "24/07/2019 12:54:06", 1563965646.25, 1.0, 18340, 18457, 18398, 0.9303162486368594, 0.8990085062577884, 0.8993368844439613
"p", 5, 16, 3, 100, 25, "24/07/2019 12:54:28", 1563965668.84, 1.0, 18340, 18457, 18398, 0.9619956379498364, 0.9329251774394539, 0.9315686487661702
"q", 5, 32, 3, 100, 31, "24/07/2019 12:54:36", 1563965676.42, 1.0, 18340, 18457, 18398, 0.966030534351145, 0.9256650593270845, 0.9283074247200783
"s", 5, 128, 3, 100, 38, "24/07/2019 12:54:41", 1563965681.51, 1.0, 18340, 18457, 18398, 0.8576881134133042, 0.8291705044156689, 0.83014458093271
"t", 5, 256, 3, 100, 39, "24/07/2019 12:54:46", 1563965686.23, 1.0, 18340, 18457, 18398, 0.8048527808069793, 0.7686514601506204, 0.7693771062071965
"o", 5, 8, 3, 100, 18, "24/07/2019 12:54:50", 1563965690.02, 1.0, 18340, 18457, 18398, 0.9519629225736096, 0.9229560600314244, 0.9230351125122296
"r", 5, 64, 3, 100, 36, "24/07/2019 12:55:23", 1563965723.82, 1.0, 18340, 18457, 18398, 0.931897491821156, 0.9005797258492713, 0.9016740950103272
"s", 5, 128, 3, 100, 39, "24/07/2019 12:55:51", 1563965751.8, 1.0, 18340, 18457, 18398, 0.8694656488549618, 0.8421737010348377, 0.8430807696488749
"t", 5, 256, 3, 100, 40, "24/07/2019 12:55:57", 1563965757.87, 1.0, 18340, 18457, 18398, 0.8031624863685932, 0.7704935796716693, 0.7705728883574302
"q", 5, 32, 3, 100, 32, "24/07/2019 12:56:07", 1563965767.34, 1.0, 18340, 18457, 18398, 0.959051254089422, 0.9238229398060357, 0.9259158604196108
"p", 5, 16, 3, 100, 26, "24/07/2019 12:56:18", 1563965778.03, 1.0, 18340, 18457, 18398, 0.9628680479825518, 0.9294034783550956, 0.9305359278182411
"r", 5, 64, 3, 100, 37, "24/07/2019 12:56:45", 1563965805.66, 1.0, 18340, 18457, 18398, 0.9416030534351145, 0.9095194235249499, 0.9103706924665724
"s", 5, 128, 3, 100, 40, "24/07/2019 12:57:03", 1563965823.62, 1.0, 18340, 18457, 18398, 0.8854416575790621, 0.851817738527388, 0.8511794760300032
"t", 5, 256, 3, 100, 41, "24/07/2019 12:57:09", 1563965829.69, 1.0, 18340, 18457, 18398, 0.8288985823336968, 0.7917321341496452, 0.7941080552233939
"o", 5, 8, 3, 100, 19, "24/07/2019 12:57:21", 1563965841.57, 1.0, 18340, 18457, 18398, 0.9610687022900763, 0.9316790377634502, 0.9320034786389825
"q", 5, 32, 3, 100, 33, "24/07/2019 12:57:39", 1563965859.52, 1.0, 18340, 18457, 18398, 0.9662486368593238, 0.9293492983691825, 0.930427220350038
"r", 5, 64, 3, 100, 38, "24/07/2019 12:58:05", 1563965885.23, 1.0, 18340, 18457, 18398, 0.9508724100327154, 0.9175380614401041, 0.9176540928361778
"p", 5, 16, 3, 100, 27, "24/07/2019 12:58:08", 1563965888.89, 1.0, 18340, 18457, 18398, 0.9685932388222465, 0.9379639161293818, 0.9370040221763235
"s", 5, 128, 3, 100, 41, "24/07/2019 12:58:17", 1563965897.97, 1.0, 18340, 18457, 18398, 0.8711559432933479, 0.8447201603727583, 0.8436243069898902
"t", 5, 256, 3, 100, 42, "24/07/2019 12:58:20", 1563965900.06, 1.0, 18340, 18457, 18398, 0.8216466739367503, 0.783984396164057, 0.7843787368192194
"q", 5, 32, 3, 100, 34, "24/07/2019 12:59:11", 1563965951.8, 1.0, 18340, 18457, 18398, 0.9733914940021811, 0.9351465568618952, 0.940319599956517
"r", 5, 64, 3, 100, 39, "24/07/2019 12:59:27", 1563965967.04, 1.0, 18340, 18457, 18398, 0.9408942202835333, 0.9088692636939915, 0.9083052505707142
"s", 5, 128, 3, 100, 42, "24/07/2019 12:59:34", 1563965974.95, 1.0, 18340, 18457, 18398, 0.8922028353326064, 0.855827057484965, 0.8569409718447657
"t", 5, 256, 3, 100, 43, "24/07/2019 12:59:37", 1563965977.28, 1.0, 18340, 18457, 18398, 0.8416030534351145, 0.8015928915858482, 0.8054679856506142
"o", 5, 8, 3, 100, 20, "24/07/2019 12:59:54", 1563965994.18, 1.0, 18340, 18457, 18398, 0.9631952017448201, 0.9308663379747522, 0.9339602130666377
"p", 5, 16, 3, 100, 28, "24/07/2019 12:59:54", 1563965994.99, 1.0, 18340, 18457, 18398, 0.9538167938931298, 0.9236603998482961, 0.9245570170670725
"q", 5, 32, 3, 100, 35, "24/07/2019 13:00:43", 1563966043.32, 1.0, 18340, 18457, 18398, 0.9747546346782988, 0.938559895974427, 0.9390694640721817
"r", 5, 64, 3, 100, 40, "24/07/2019 13:00:46", 1563966046.16, 1.0, 18340, 18457, 18398, 0.9547437295528899, 0.9234978598905564, 0.923687357321448
"s", 5, 128, 3, 100, 43, "24/07/2019 13:00:47", 1563966047.39, 1.0, 18340, 18457, 18398, 0.8948200654307524, 0.8676382944140435, 0.8662354603761279
"t", 5, 256, 3, 100, 44, "24/07/2019 13:00:48", 1563966048.97, 1.0, 18340, 18457, 18398, 0.8325517993456925, 0.7957956330931354, 0.7998695510381563
"n", 5, 1, 3, 100, 4, "24/07/2019 13:01:31", 1563966091.27, 1.0, 18340, 18457, 18398, 0.8127044711014176, 0.7814921168120497, 0.7837264920100011
"p", 5, 16, 3, 100, 29, "24/07/2019 13:01:49", 1563966109.98, 1.0, 18340, 18457, 18398, 0.9718102508178844, 0.9431651947770494, 0.9409174910316339
"s", 5, 128, 3, 100, 44, "24/07/2019 13:02:00", 1563966120.32, 1.0, 18340, 18457, 18398, 0.8959651035986914, 0.8643874952592512, 0.8680834873355799
"t", 5, 256, 3, 100, 45, "24/07/2019 13:02:01", 1563966121.17, 1.0, 18340, 18457, 18398, 0.8440021810250818, 0.8027848512759387, 0.8045439721708881
"r", 5, 64, 3, 100, 41, "24/07/2019 13:02:06", 1563966126.93, 1.0, 18340, 18457, 18398, 0.9557251908396946, 0.9243647396651676, 0.9241765409283618
"q", 5, 32, 3, 100, 36, "24/07/2019 13:02:18", 1563966138.44, 1.0, 18340, 18457, 18398, 0.9662486368593238, 0.9327626374817143, 0.9356995325578867
"o", 5, 8, 3, 100, 21, "24/07/2019 13:02:34", 1563966154.25, 1.0, 18340, 18457, 18398, 0.9653217011995638, 0.9340087771577179, 0.9369496684422219
"s", 5, 128, 3, 100, 45, "24/07/2019 13:03:11", 1563966191.96, 1.0, 18340, 18457, 18398, 0.8923118865866958, 0.8620035758790703, 0.8590607674747255
"t", 5, 256, 3, 100, 46, "24/07/2019 13:03:15", 1563966195.49, 1.0, 18340, 18457, 18398, 0.8336423118865867, 0.793303353741128, 0.7954668985759321
"r", 5, 64, 3, 100, 42, "24/07/2019 13:03:26", 1563966206.56, 1.0, 18340, 18457, 18398, 0.9588876772082879, 0.9271820989326542, 0.927981302315469
"p", 5, 16, 3, 100, 30, "24/07/2019 13:03:45", 1563966225.97, 1.0, 18340, 18457, 18398, 0.9703380588876772, 0.9405103754673024, 0.9411349059680401
"q", 5, 32, 3, 100, 37, "24/07/2019 13:03:54", 1563966234.04, 1.0, 18340, 18457, 18398, 0.9777535441657579, 0.9432193747629626, 0.9432003478638983
"t", 5, 256, 3, 100, 47, "24/07/2019 13:04:30", 1563966270.61, 1.0, 18340, 18457, 18398, 0.8561613958560523, 0.8141084683317983, 0.8151429503206871
"s", 5, 128, 3, 100, 46, "24/07/2019 13:04:31", 1563966271.67, 1.0, 18340, 18457, 18398, 0.9064340239912759, 0.8741940727095411, 0.8734645070116317
"r", 5, 64, 3, 100, 43, "24/07/2019 13:04:48", 1563966288.55, 1.0, 18340, 18457, 18398, 0.9582878953107961, 0.9283198786368315, 0.9284161321882813
"o", 5, 8, 3, 100, 22, "24/07/2019 13:05:21", 1563966321.1, 1.0, 18340, 18457, 18398, 0.9661395856052345, 0.9367719564392913, 0.9386346341993695
"q", 5, 32, 3, 100, 38, "24/07/2019 13:05:25", 1563966325.16, 1.0, 18340, 18457, 18398, 0.9808069792802617, 0.9472286937205396, 0.9501576258288944
"p", 5, 16, 3, 100, 31, "24/07/2019 13:05:38", 1563966338.12, 1.0, 18340, 18457, 18398, 0.9721374045801526, 0.9376930161998158, 0.939395586476791
"t", 5, 256, 3, 100, 48, "24/07/2019 13:05:44", 1563966344.13, 1.0, 18340, 18457, 18398, 0.8516902944383861, 0.8106409492333532, 0.8109577127948691
"s", 5, 128, 3, 100, 47, "24/07/2019 13:05:44", 1563966344.23, 1.0, 18340, 18457, 18398, 0.9052344601962923, 0.8766321720756353, 0.8755299489074899
"r", 5, 64, 3, 100, 44, "24/07/2019 13:06:06", 1563966366.84, 1.0, 18340, 18457, 18398, 0.9498909487459106, 0.9217099203554207, 0.9215675616914882
"q", 5, 32, 3, 100, 39, "24/07/2019 13:06:54", 1563966414.25, 1.0, 18340, 18457, 18398, 0.9757360959651036, 0.9445196944248795, 0.9451027285574519
"t", 5, 256, 3, 100, 49, "24/07/2019 13:06:54", 1563966414.77, 1.0, 18340, 18457, 18398, 0.8534896401308615, 0.8127539686839681, 0.8180780519621698
"s", 5, 128, 3, 100, 48, "24/07/2019 13:06:58", 1563966419.0, 1.0, 18340, 18457, 18398, 0.9059978189749182, 0.8739773527658883, 0.8744972279595609
"r", 5, 64, 3, 100, 45, "24/07/2019 13:07:22", 1563966442.69, 1.0, 18340, 18457, 18398, 0.9591057797164667, 0.9282656986509183, 0.9305359278182411
"p", 5, 16, 3, 100, 32, "24/07/2019 13:07:28", 1563966448.01, 1.0, 18340, 18457, 18398, 0.9727371864776445, 0.9438153546080078, 0.9439069464072182
"o", 5, 8, 3, 100, 23, "24/07/2019 13:07:56", 1563966476.88, 1.0, 18340, 18457, 18398, 0.9700654307524537, 0.9387224359321666, 0.9418958582454615
"t", 5, 256, 3, 100, 50, "24/07/2019 13:08:08", 1563966488.64, 1.0, 18340, 18457, 18398, 0.8567066521264994, 0.8162214877824132, 0.8163930862050223
"s", 5, 128, 3, 100, 49, "24/07/2019 13:08:13", 1563966493.15, 1.0, 18340, 18457, 18398, 0.9066521264994547, 0.8777699517798125, 0.8786281117512773
"q", 5, 32, 3, 100, 40, "24/07/2019 13:08:25", 1563966505.62, 1.0, 18340, 18457, 18398, 0.9829334787350055, 0.9512921926640299, 0.9515708229155343
"r", 5, 64, 3, 100, 46, "24/07/2019 13:08:39", 1563966519.09, 1.0, 18340, 18457, 18398, 0.9629225736095965, 0.9357425367069404, 0.9314599412979672
"t", 5, 256, 3, 100, 51, "24/07/2019 13:09:19", 1563966559.49, 1.0, 18340, 18457, 18398, 0.8631952017448201, 0.823373245922956, 0.8232416567018154
"p", 5, 16, 3, 100, 33, "24/07/2019 13:09:19", 1563966559.56, 1.0, 18340, 18457, 18398, 0.9783533260632498, 0.9524299723682071, 0.952766605065768
"s", 5, 128, 3, 100, 50, "24/07/2019 13:09:25", 1563966565.65, 1.0, 18340, 18457, 18398, 0.9080697928026172, 0.8773365118925069, 0.8766713773236221
"q", 5, 32, 3, 100, 41, "24/07/2019 13:09:55", 1563966595.2, 1.0, 18340, 18457, 18398, 0.976990185387132, 0.946253453974102, 0.9491792586150668
"r", 5, 64, 3, 100, 47, "24/07/2019 13:09:59", 1563966599.98, 1.0, 18340, 18457, 18398, 0.9570883315158124, 0.9256650593270845, 0.9267855201652353
"t", 5, 256, 3, 100, 52, "24/07/2019 13:10:30", 1563966630.44, 1.0, 18340, 18457, 18398, 0.8686477644492911, 0.8276534648100992, 0.8293292749211871
"o", 5, 8, 3, 100, 24, "24/07/2019 13:10:31", 1563966631.05, 1.0, 18340, 18457, 18398, 0.9679389312977099, 0.9368803164111177, 0.9366235460376128
"s", 5, 128, 3, 100, 51, "24/07/2019 13:10:37", 1563966637.13, 1.0, 18340, 18457, 18398, 0.9259541984732824, 0.8969496667930866, 0.8977062724209153
"p", 5, 16, 3, 100, 34, "24/07/2019 13:11:08", 1563966668.77, 1.0, 18340, 18457, 18398, 0.9729552889858233, 0.9421899550306116, 0.9420589194477661
"r", 5, 64, 3, 100, 48, "24/07/2019 13:11:19", 1563966679.51, 1.0, 18340, 18457, 18398, 0.9623227917121047, 0.9329793574253671, 0.9331449070551147
"q", 5, 32, 3, 100, 42, "24/07/2019 13:11:25", 1563966685.66, 1.0, 18340, 18457, 18398, 0.986041439476554, 0.9519423524949884, 0.9546689857593217
"t", 5, 256, 3, 100, 53, "24/07/2019 13:11:42", 1563966702.89, 1.0, 18340, 18457, 18398, 0.8710468920392584, 0.8290079644579292, 0.8296553973257963
"s", 5, 128, 3, 100, 52, "24/07/2019 13:11:53", 1563966713.54, 1.0, 18340, 18457, 18398, 0.9306434023991276, 0.8997670260605732, 0.9005870203282965
"r", 5, 64, 3, 100, 49, "24/07/2019 13:12:43", 1563966763.82, 1.0, 18340, 18457, 18398, 0.9669029443838604, 0.9369886763829441, 0.9351559952168714
"t", 5, 256, 3, 100, 54, "24/07/2019 13:12:53", 1563966773.84, 1.0, 18340, 18457, 18398, 0.8737186477644493, 0.8320962236549818, 0.8346559408631373
"q", 5, 32, 3, 100, 43, "24/07/2019 13:12:57", 1563966777.16, 1.0, 18340, 18457, 18398, 0.9813522355507088, 0.9463076339600152, 0.9492336123491684
"p", 5, 16, 3, 100, 35, "24/07/2019 13:13:00", 1563966780.52, 1.0, 18340, 18457, 18398, 0.983587786259542, 0.9558974914666523, 0.9570061963256876
"o", 5, 8, 3, 100, 25, "24/07/2019 13:13:05", 1563966785.29, 1.0, 18340, 18457, 18398, 0.979443838604144, 0.9496667930866338, 0.9491792586150668
"s", 5, 128, 3, 100, 53, "24/07/2019 13:13:10", 1563966790.18, 1.0, 18340, 18457, 18398, 0.9190294438386042, 0.8870347293709704, 0.8925970214153712
"r", 5, 64, 3, 100, 50, "24/07/2019 13:14:03", 1563966843.22, 1.0, 18340, 18457, 18398, 0.9714830970556161, 0.9460367340304492, 0.9440700076095228
"t", 5, 256, 3, 100, 55, "24/07/2019 13:14:09", 1563966849.26, 1.0, 18340, 18457, 18398, 0.8805343511450382, 0.8384894619927399, 0.8429177084465703
"s", 5, 128, 3, 100, 54, "24/07/2019 13:14:22", 1563966862.38, 1.0, 18340, 18457, 18398, 0.9037622682660851, 0.8721894132307526, 0.8719426024567888
"q", 5, 32, 3, 100, 44, "24/07/2019 13:14:29", 1563966869.07, 1.0, 18340, 18457, 18398, 0.9864776444929116, 0.9522132524245543, 0.9533644961408849
"p", 5, 16, 3, 100, 36, "24/07/2019 13:14:55", 1563966895.91, 1.0, 18340, 18457, 18398, 0.9857142857142858, 0.9566018312835238, 0.9578215023372105
"t", 5, 256, 3, 100, 56, "24/07/2019 13:15:20", 1563966920.54, 1.0, 18340, 18457, 18398, 0.8767720828789531, 0.8338841631901176, 0.8348190020654419
"n", 5, 1, 3, 100, 5, "24/07/2019 13:15:25", 1563966925.35, 1.0, 18340, 18457, 18398, 0.8348418756815703, 0.8043560708674216, 0.8074790738123709
"r", 5, 64, 3, 100, 51, "24/07/2019 13:15:27", 1563966927.09, 1.0, 18340, 18457, 18398, 0.9655943293347874, 0.9385057159885138, 0.9378736819219481
"s", 5, 128, 3, 100, 55, "24/07/2019 13:15:36", 1563966936.45, 1.0, 18340, 18457, 18398, 0.9250817884405671, 0.8929945278214227, 0.8918360691379498
"o", 5, 8, 3, 100, 26, "24/07/2019 13:15:45", 1563966945.5, 1.0, 18340, 18457, 18398, 0.972846237731734, 0.9458741940727096, 0.9454832046961626
"q", 5, 32, 3, 100, 45, "24/07/2019 13:16:04", 1563966964.06, 1.0, 18340, 18457, 18398, 0.9893129770992366, 0.957197811128569, 0.9588542232851397
"t", 5, 256, 3, 100, 57, "24/07/2019 13:16:34", 1563966994.56, 1.0, 18340, 18457, 18398, 0.8791712104689204, 0.8339383431760308, 0.8346559408631373
"r", 5, 64, 3, 100, 52, "24/07/2019 13:16:46", 1563967006.63, 1.0, 18340, 18457, 18398, 0.9737186477644493, 0.9472286937205396, 0.9457549733666702
"p", 5, 16, 3, 100, 37, "24/07/2019 13:16:49", 1563967009.65, 1.0, 18340, 18457, 18398, 0.9862595419847329, 0.9561142114103051, 0.9591259919556474
"s", 5, 128, 3, 100, 56, "24/07/2019 13:16:52", 1563967012.19, 1.0, 18340, 18457, 18398, 0.9354961832061068, 0.9062686243701576, 0.9075986520273943
"q", 5, 32, 3, 100, 46, "24/07/2019 13:17:33", 1563967053.87, 1.0, 18340, 18457, 18398, 0.9881679389312977, 0.9547055317765617, 0.9561908903141646
"t", 5, 256, 3, 100, 58, "24/07/2019 13:17:46", 1563967066.03, 1.0, 18340, 18457, 18398, 0.8823336968375136, 0.8433656607249282, 0.8443309055332101
"s", 5, 128, 3, 100, 57, "24/07/2019 13:18:01", 1563967081.65, 1.0, 18340, 18457, 18398, 0.9396401308615049, 0.9085441837785122, 0.9086857267094249
"r", 5, 64, 3, 100, 53, "24/07/2019 13:18:05", 1563967085.86, 1.0, 18340, 18457, 18398, 0.9648309705561614, 0.9399143956222571, 0.9398304163496032
"o", 5, 8, 3, 100, 27, "24/07/2019 13:18:20", 1563967100.32, 1.0, 18340, 18457, 18398, 0.9796619411123227, 0.9483122934388037, 0.9503206870311991
"p", 5, 16, 3, 100, 38, "24/07/2019 13:18:39", 1563967119.06, 1.0, 18340, 18457, 18398, 0.9838604143947656, 0.9542720918892561, 0.9560821828459615
"t", 5, 256, 3, 100, 59, "24/07/2019 13:18:53", 1563967133.94, 1.0, 18340, 18457, 18398, 0.8887131952017449, 0.8486211193585089, 0.8533536253940646
"q", 5, 32, 3, 100, 47, "24/07/2019 13:18:58", 1563967138.69, 1.0, 18340, 18457, 18398, 0.9913849509269357, 0.9606111502411009, 0.9636917056201761
"s", 5, 128, 3, 100, 58, "24/07/2019 13:19:14", 1563967154.5, 1.0, 18340, 18457, 18398, 0.9393675027262813, 0.9083816438207726, 0.9092292640504402
"r", 5, 64, 3, 100, 54, "24/07/2019 13:19:23", 1563967163.58, 1.0, 18340, 18457, 18398, 0.9745910577971647, 0.946795253833234, 0.9453201434938581
"t", 5, 256, 3, 100, 60, "24/07/2019 13:20:07", 1563967207.32, 1.0, 18340, 18457, 18398, 0.8916575790621593, 0.850517418865471, 0.8510164148276986
"p", 5, 16, 3, 100, 39, "24/07/2019 13:20:24", 1563967224.27, 1.0, 18340, 18457, 18398, 0.9898582333696837, 0.9610445901284066, 0.9605935427763888
"q", 5, 32, 3, 100, 48, "24/07/2019 13:20:28", 1563967228.62, 1.0, 18340, 18457, 18398, 0.9809705561613958, 0.9493417131711546, 0.9514621154473313
"s", 5, 128, 3, 100, 59, "24/07/2019 13:20:29", 1563967229.18, 1.0, 18340, 18457, 18398, 0.9443838604143948, 0.915641761933142, 0.9130883791716491
"r", 5, 64, 3, 100, 55, "24/07/2019 13:20:40", 1563967240.5, 1.0, 18340, 18457, 18398, 0.976608505997819, 0.9512380126781167, 0.949396673551473
"o", 5, 8, 3, 100, 28, "24/07/2019 13:20:50", 1563967250.67, 1.0, 18340, 18457, 18398, 0.9801526717557252, 0.9506420328330715, 0.9496684422219807
"t", 5, 256, 3, 100, 61, "24/07/2019 13:21:18", 1563967278.09, 1.0, 18340, 18457, 18398, 0.8924209378407851, 0.8486752993444222, 0.8538428090009784
"s", 5, 128, 3, 100, 60, "24/07/2019 13:21:42", 1563967302.62, 1.0, 18340, 18457, 18398, 0.9251363140676118, 0.896516226905781, 0.8969996738775954
"q", 5, 32, 3, 100, 49, "24/07/2019 13:21:56", 1563967316.68, 1.0, 18340, 18457, 18398, 0.9878953107960742, 0.957197811128569, 0.9567887813892815
"r", 5, 64, 3, 100, 56, "24/07/2019 13:21:59", 1563967319.72, 1.0, 18340, 18457, 18398, 0.9794983642311886, 0.953188492170992, 0.9515708229155343
"p", 5, 16, 3, 100, 40, "24/07/2019 13:22:15", 1563967335.53, 1.0, 18340, 18457, 18398, 0.9865321701199564, 0.957197811128569, 0.958582454614632
"t", 5, 256, 3, 100, 62, "24/07/2019 13:22:30", 1563967350.51, 1.0, 18340, 18457, 18398, 0.8850054525627045, 0.8467789998374601, 0.8472116534405914
"s", 5, 128, 3, 100, 61, "24/07/2019 13:22:55", 1563967375.67, 1.0, 18340, 18457, 18398, 0.9400763358778625, 0.9095194235249499, 0.9086857267094249
"r", 5, 64, 3, 100, 57, "24/07/2019 13:23:18", 1563967398.73, 1.0, 18340, 18457, 18398, 0.969247546346783, 0.9437069946361814, 0.9418958582454615
"q", 5, 32, 3, 100, 50, "24/07/2019 13:23:23", 1563967403.84, 1.0, 18340, 18457, 18398, 0.9907306434023991, 0.9602860703256217, 0.9632025220132623
"o", 5, 8, 3, 100, 29, "24/07/2019 13:23:26", 1563967406.01, 1.0, 18340, 18457, 18398, 0.9814612868047983, 0.9510754727203771, 0.952766605065768
"t", 5, 256, 3, 100, 63, "24/07/2019 13:23:40", 1563967420.79, 1.0, 18340, 18457, 18398, 0.9015267175572519, 0.8618410359213307, 0.8652027394281987
"s", 5, 128, 3, 100, 62, "24/07/2019 13:24:03", 1563967443.22, 1.0, 18340, 18457, 18398, 0.9531079607415486, 0.9254483393834317, 0.9255897380150017
"p", 5, 16, 3, 100, 41, "24/07/2019 13:24:05", 1563967445.13, 1.0, 18340, 18457, 18398, 0.9858778625954199, 0.9569810911849163, 0.9598325904989673
"r", 5, 64, 3, 100, 58, "24/07/2019 13:24:37", 1563967477.93, 1.0, 18340, 18457, 18398, 0.9792257360959651, 0.9524841523541204, 0.9516795303837373
"t", 5, 256, 3, 100, 64, "24/07/2019 13:24:45", 1563967485.01, 1.0, 18340, 18457, 18398, 0.8915485278080698, 0.8531180581893049, 0.8556364822263289
"q", 5, 32, 3, 100, 51, "24/07/2019 13:24:52", 1563967492.38, 1.0, 18340, 18457, 18398, 0.995856052344602, 0.9661375088042478, 0.967768235677791
"s", 5, 128, 3, 100, 63, "24/07/2019 13:25:20", 1563967520.98, 1.0, 18340, 18457, 18398, 0.9567611777535442, 0.9267486590453486, 0.9264593977606261
"r", 5, 64, 3, 100, 59, "24/07/2019 13:25:55", 1563967555.53, 1.0, 18340, 18457, 18398, 0.9712649945474373, 0.9461450940022755, 0.9456462658984672
"p", 5, 16, 3, 100, 42, "24/07/2019 13:25:56", 1563967556.17, 1.0, 18340, 18457, 18398, 0.9868593238822246, 0.9592566505932708, 0.9595064680943581
"t", 5, 256, 3, 100, 65, "24/07/2019 13:25:58", 1563967558.1, 1.0, 18340, 18457, 18398, 0.9150490730643402, 0.8710516335265753, 0.874932057832373
"o", 5, 8, 3, 100, 30, "24/07/2019 13:25:58", 1563967558.61, 1.0, 18340, 18457, 18398, 0.976608505997819, 0.9467410738473208, 0.9462985107076857
"q", 5, 32, 3, 100, 52, "24/07/2019 13:26:26", 1563967586.36, 1.0, 18340, 18457, 18398, 0.9920937840785169, 0.9606653302270142, 0.9619523861289271
"s", 5, 128, 3, 100, 64, "24/07/2019 13:26:30", 1563967590.69, 1.0, 18340, 18457, 18398, 0.9395856052344602, 0.911415723031912, 0.9091205565822372
"t", 5, 256, 3, 100, 66, "24/07/2019 13:27:10", 1563967630.83, 1.0, 18340, 18457, 18398, 0.9137404580152672, 0.8739231727799751, 0.8748777040982716
"r", 5, 64, 3, 100, 60, "24/07/2019 13:27:17", 1563967637.65, 1.0, 18340, 18457, 18398, 0.977917121046892, 0.9524299723682071, 0.9525491901293619
"s", 5, 128, 3, 100, 65, "24/07/2019 13:27:41", 1563967661.49, 1.0, 18340, 18457, 18398, 0.9555070883315158, 0.9267486590453486, 0.9277638873790629
"p", 5, 16, 3, 100, 43, "24/07/2019 13:27:47", 1563967667.65, 1.0, 18340, 18457, 18398, 0.9874591057797165, 0.9603944302974481, 0.9614088487879118
"q", 5, 32, 3, 100, 53, "24/07/2019 13:27:57", 1563967677.39, 1.0, 18340, 18457, 18398, 0.995092693565976, 0.9649455491141572, 0.9673877595390803
"t", 5, 256, 3, 100, 67, "24/07/2019 13:28:21", 1563967701.16, 1.0, 18340, 18457, 18398, 0.9085605234460197, 0.8683968142168283, 0.8721056636590934
"r", 5, 64, 3, 100, 61, "24/07/2019 13:28:33", 1563967713.99, 1.0, 18340, 18457, 18398, 0.9797164667393675, 0.9528634122555129, 0.9532557886726818
"o", 5, 8, 3, 100, 31, "24/07/2019 13:28:41", 1563967721.86, 1.0, 18340, 18457, 18398, 0.9852235550708833, 0.958498130790486, 0.9573866724643983
"s", 5, 128, 3, 100, 66, "24/07/2019 13:29:01", 1563967741.3, 1.0, 18340, 18457, 18398, 0.9500545256270447, 0.9175922414260173, 0.9200456571366453
"n", 5, 1, 3, 100, 6, "24/07/2019 13:29:13", 1563967753.6, 1.0, 18340, 18457, 18398, 0.8392039258451472, 0.8166549276697188, 0.8150885965865855
"q", 5, 32, 3, 100, 54, "24/07/2019 13:29:31", 1563967771.28, 1.0, 18340, 18457, 18398, 0.9918211559432933, 0.9622907298044102, 0.9645613653658006
"t", 5, 256, 3, 100, 68, "24/07/2019 13:29:36", 1563967776.77, 1.0, 18340, 18457, 18398, 0.913958560523446, 0.8756569323291976, 0.8754212414392869
"p", 5, 16, 3, 100, 44, "24/07/2019 13:29:47", 1563967787.48, 1.0, 18340, 18457, 18398, 0.985659760087241, 0.9534593921005581, 0.9572779649961952
"r", 5, 64, 3, 100, 62, "24/07/2019 13:29:52", 1563967792.16, 1.0, 18340, 18457, 18398, 0.9612322791712105, 0.9393184157772119, 0.9395586476790956
"s", 5, 128, 3, 100, 67, "24/07/2019 13:30:12", 1563967812.96, 1.0, 18340, 18457, 18398, 0.9641766630316249, 0.9314623178197974, 0.9330361995869116
"t", 5, 256, 3, 100, 69, "24/07/2019 13:30:48", 1563967848.65, 1.0, 18340, 18457, 18398, 0.9175027262813522, 0.8773906918784201, 0.8765083161213175
"q", 5, 32, 3, 100, 55, "24/07/2019 13:30:57", 1563967857.02, 1.0, 18340, 18457, 18398, 0.9966739367502726, 0.9678712683534703, 0.9680943580824003
"r", 5, 64, 3, 100, 63, "24/07/2019 13:31:10", 1563967870.65, 1.0, 18340, 18457, 18398, 0.9825517993456925, 0.958498130790486, 0.9571692575279922
"o", 5, 8, 3, 100, 32, "24/07/2019 13:31:18", 1563967878.17, 1.0, 18340, 18457, 18398, 0.9821701199563795, 0.9535677520723844, 0.9528753125339711
"s", 5, 128, 3, 100, 68, "24/07/2019 13:31:23", 1563967883.65, 1.0, 18340, 18457, 18398, 0.9605779716466739, 0.9331418973831067, 0.9320034786389825
"p", 5, 16, 3, 100, 45, "24/07/2019 13:31:33", 1563967893.39, 1.0, 18340, 18457, 18398, 0.9907306434023991, 0.9619114699030178, 0.9624959234699424
"t", 5, 256, 3, 100, 70, "24/07/2019 13:31:58", 1563967918.71, 1.0, 18340, 18457, 18398, 0.9208287895310796, 0.8771197919488541, 0.8766170235895206
"q", 5, 32, 3, 100, 56, "24/07/2019 13:32:22", 1563967942.65, 1.0, 18340, 18457, 18398, 0.9955834242093784, 0.9657582489028553, 0.9664637460593543
"r", 5, 64, 3, 100, 64, "24/07/2019 13:32:23", 1563967943.92, 1.0, 18340, 18457, 18398, 0.983206106870229, 0.9620740098607574, 0.9595064680943581
"s", 5, 128, 3, 100, 69, "24/07/2019 13:32:35", 1563967955.49, 1.0, 18340, 18457, 18398, 0.9597055616139586, 0.9301078181719673, 0.9298293292749212
"t", 5, 256, 3, 100, 71, "24/07/2019 13:33:07", 1563967987.12, 1.0, 18340, 18457, 18398, 0.9176117775354417, 0.87603619223059, 0.8778671594738559
"p", 5, 16, 3, 100, 46, "24/07/2019 13:33:24", 1563968004.67, 1.0, 18340, 18457, 18398, 0.9888767720828789, 0.9633743295226743, 0.9630938145450593
"r", 5, 64, 3, 100, 65, "24/07/2019 13:33:42", 1563968022.48, 1.0, 18340, 18457, 18398, 0.9805888767720828, 0.9581188708890935, 0.9565713664528753
"s", 5, 128, 3, 100, 70, "24/07/2019 13:33:45", 1563968025.5, 1.0, 18340, 18457, 18398, 0.9605779716466739, 0.9305954380451861, 0.9329274921187085
"o", 5, 8, 3, 100, 33, "24/07/2019 13:33:49", 1563968029.77, 1.0, 18340, 18457, 18398, 0.977917121046892, 0.946795253833234, 0.9473855853897163
"q", 5, 32, 3, 100, 57, "24/07/2019 13:33:50", 1563968030.34, 1.0, 18340, 18457, 18398, 0.9925845147219193, 0.9649455491141572, 0.965213610175019
"t", 5, 256, 3, 100, 72, "24/07/2019 13:34:14", 1563968054.99, 1.0, 18340, 18457, 18398, 0.9194111232279171, 0.8749525925123259, 0.8769431459941298
"s", 5, 128, 3, 100, 71, "24/07/2019 13:34:54", 1563968094.84, 1.0, 18340, 18457, 18398, 0.9645583424209379, 0.9328709974535406, 0.9328187846505055
"r", 5, 64, 3, 100, 66, "24/07/2019 13:34:57", 1563968097.94, 1.0, 18340, 18457, 18398, 0.9832606324972737, 0.957197811128569, 0.956951842591586
"p", 5, 16, 3, 100, 47, "24/07/2019 13:35:08", 1563968108.7, 1.0, 18340, 18457, 18398, 0.9900218102508179, 0.9626699897058026, 0.9630938145450593
"q", 5, 32, 3, 100, 58, "24/07/2019 13:35:17", 1563968117.18, 1.0, 18340, 18457, 18398, 0.993784078516903, 0.9639703093677195, 0.9640721817588869
"t", 5, 256, 3, 100, 73, "24/07/2019 13:35:27", 1563968127.07, 1.0, 18340, 18457, 18398, 0.9219738276990186, 0.8801538711599936, 0.8800956625720187
"s", 5, 128, 3, 100, 72, "24/07/2019 13:36:05", 1563968165.07, 1.0, 18340, 18457, 18398, 0.9707742639040349, 0.9391016958335591, 0.9397217088814002
"r", 5, 64, 3, 100, 67, "24/07/2019 13:36:11", 1563968171.35, 1.0, 18340, 18457, 18398, 0.9820065430752454, 0.9610987701143198, 0.9570061963256876
"o", 5, 8, 3, 100, 34, "24/07/2019 13:36:22", 1563968182.87, 1.0, 18340, 18457, 18398, 0.9843511450381679, 0.9563309313539579, 0.957658441134906
"t", 5, 256, 3, 100, 74, "24/07/2019 13:36:39", 1563968199.79, 1.0, 18340, 18457, 18398, 0.9157579062159215, 0.8785284715825974, 0.8778128057397543
"q", 5, 32, 3, 100, 59, "24/07/2019 13:36:45", 1563968205.96, 1.0, 18340, 18457, 18398, 0.9965648854961832, 0.9687923281139947, 0.9704859223828677
"p", 5, 16, 3, 100, 48, "24/07/2019 13:36:55", 1563968215.92, 1.0, 18340, 18457, 18398, 0.9880043620501636, 0.9618572899171046, 0.9621154473312317
"s", 5, 128, 3, 100, 73, "24/07/2019 13:37:15", 1563968235.71, 1.0, 18340, 18457, 18398, 0.9721374045801526, 0.9426775749038305, 0.9436351777367105
"r", 5, 64, 3, 100, 68, "24/07/2019 13:37:28", 1563968248.29, 1.0, 18340, 18457, 18398, 0.987186477644493, 0.9655957089451157, 0.9632025220132623
"t", 5, 256, 3, 100, 75, "24/07/2019 13:37:50", 1563968270.29, 1.0, 18340, 18457, 18398, 0.9286259541984733, 0.8869263693991439, 0.8893901511033808
"q", 5, 32, 3, 100, 60, "24/07/2019 13:38:17", 1563968297.46, 1.0, 18340, 18457, 18398, 0.9942202835332606, 0.9647288291705044, 0.9653223176432221
"s", 5, 128, 3, 100, 74, "24/07/2019 13:38:34", 1563968314.11, 1.0, 18340, 18457, 18398, 0.9673936750272628, 0.9391558758194722, 0.9392868790085879
"p", 5, 16, 3, 100, 49, "24/07/2019 13:38:46", 1563968326.28, 1.0, 18340, 18457, 18398, 0.9888767720828789, 0.9632659695508479, 0.9637460593542776
"r", 5, 64, 3, 100, 69, "24/07/2019 13:38:46", 1563968326.46, 1.0, 18340, 18457, 18398, 0.9816248636859324, 0.9620740098607574, 0.9593434068920534
"o", 5, 8, 3, 100, 35, "24/07/2019 13:38:53", 1563968333.92, 1.0, 18340, 18457, 18398, 0.9827153762268266, 0.9549764317061278, 0.9546689857593217
"t", 5, 256, 3, 100, 76, "24/07/2019 13:39:02", 1563968342.29, 1.0, 18340, 18457, 18398, 0.923009814612868, 0.8855718697513139, 0.8885748450918578
"s", 5, 128, 3, 100, 75, "24/07/2019 13:39:51", 1563968391.09, 1.0, 18340, 18457, 18398, 0.9635768811341331, 0.9361217966083328, 0.9364604848353082
"q", 5, 32, 3, 100, 61, "24/07/2019 13:39:51", 1563968391.45, 1.0, 18340, 18457, 18398, 0.990185387131952, 0.9604486102833614, 0.9608653114468964
"r", 5, 64, 3, 100, 70, "24/07/2019 13:40:04", 1563968404.71, 1.0, 18340, 18457, 18398, 0.9854416575790622, 0.9629950696212819, 0.9597238830307642
"t", 5, 256, 3, 100, 77, "24/07/2019 13:40:19", 1563968419.18, 1.0, 18340, 18457, 18398, 0.9147764449291167, 0.8745191526250203, 0.8773236221328405
"p", 5, 16, 3, 100, 50, "24/07/2019 13:40:39", 1563968439.31, 1.0, 18340, 18457, 18398, 0.9913849509269357, 0.9664625887197269, 0.967550820741385
"s", 5, 128, 3, 100, 76, "24/07/2019 13:41:04", 1563968464.72, 1.0, 18340, 18457, 18398, 0.9796074154852781, 0.9509671127485507, 0.951842591586042
"r", 5, 64, 3, 100, 71, "24/07/2019 13:41:16", 1563968476.58, 1.0, 18340, 18457, 18398, 0.9891494002181025, 0.9673836484802514, 0.9660832699206435
"q", 5, 32, 3, 100, 62, "24/07/2019 13:41:19", 1563968479.2, 1.0, 18340, 18457, 18398, 0.9958015267175573, 0.9666251286774665, 0.9687466028916186
"t", 5, 256, 3, 100, 78, "24/07/2019 13:41:27", 1563968487.54, 1.0, 18340, 18457, 18398, 0.9282442748091603, 0.8849758899062686, 0.8849874986411567
"o", 5, 8, 3, 100, 36, "24/07/2019 13:41:29", 1563968489.48, 1.0, 18340, 18457, 18398, 0.9832606324972737, 0.952104892452728, 0.9529840200021742
"n", 5, 1, 3, 100, 7, "24/07/2019 13:41:43", 1563968503.08, 1.0, 18340, 18457, 18398, 0.8429661941112323, 0.8176301674161565, 0.8230785954995108
"s", 5, 128, 3, 100, 77, "24/07/2019 13:42:19", 1563968539.97, 1.0, 18340, 18457, 18398, 0.9726826608505997, 0.9451698542558379, 0.9452657897597565
"p", 5, 16, 3, 100, 51, "24/07/2019 13:42:33", 1563968553.98, 1.0, 18340, 18457, 18398, 0.9941112322791712, 0.9658666088746817, 0.9670072834003696
"r", 5, 64, 3, 100, 72, "24/07/2019 13:42:36", 1563968556.39, 1.0, 18340, 18457, 18398, 0.986423118865867, 0.9650539090859837, 0.9624959234699424
"t", 5, 256, 3, 100, 79, "24/07/2019 13:42:39", 1563968559.38, 1.0, 18340, 18457, 18398, 0.931515812431843, 0.8908815083708078, 0.891346885531036
"q", 5, 32, 3, 100, 63, "24/07/2019 13:42:47", 1563968567.69, 1.0, 18340, 18457, 18398, 0.9976008724100327, 0.9699842878040852, 0.9721708881400152
"s", 5, 128, 3, 100, 78, "24/07/2019 13:43:29", 1563968609.45, 1.0, 18340, 18457, 18398, 0.9729007633587786, 0.9481497534810641, 0.9474942928579193
"t", 5, 256, 3, 100, 80, "24/07/2019 13:43:49", 1563968629.88, 1.0, 18340, 18457, 18398, 0.9366957470010905, 0.8952159072438641, 0.8956951842591586
"r", 5, 64, 3, 100, 73, "24/07/2019 13:43:50", 1563968630.05, 1.0, 18340, 18457, 18398, 0.9883860414394765, 0.9677629083816438, 0.9649418415045113
"o", 5, 8, 3, 100, 37, "24/07/2019 13:43:56", 1563968636.45, 1.0, 18340, 18457, 18398, 0.9864776444929116, 0.9575770710299615, 0.9582019784759213
"q", 5, 32, 3, 100, 64, "24/07/2019 13:44:14", 1563968654.3, 1.0, 18340, 18457, 18398, 0.9883860414394765, 0.9593650105650973, 0.9591803456897489
"p", 5, 16, 3, 100, 52, "24/07/2019 13:44:20", 1563968660.99, 1.0, 18340, 18457, 18398, 0.9948745910577972, 0.9704177276913908, 0.9698336775736494
"s", 5, 128, 3, 100, 79, "24/07/2019 13:44:38", 1563968678.85, 1.0, 18340, 18457, 18398, 0.9745365321701199, 0.9485290133824565, 0.9471138167192086
"t", 5, 256, 3, 100, 81, "24/07/2019 13:44:59", 1563968699.43, 1.0, 18340, 18457, 18398, 0.9308615049073065, 0.8902855285257626, 0.8916186542015436
"r", 5, 64, 3, 100, 74, "24/07/2019 13:45:05", 1563968705.43, 1.0, 18340, 18457, 18398, 0.9834242093784078, 0.9647830091564176, 0.9622785085335362
"q", 5, 32, 3, 100, 65, "24/07/2019 13:45:43", 1563968743.46, 1.0, 18340, 18457, 18398, 0.9942748091603053, 0.9627241696917159, 0.9652679639091205
"s", 5, 128, 3, 100, 80, "24/07/2019 13:45:52", 1563968752.64, 1.0, 18340, 18457, 18398, 0.9731733914940022, 0.943869534593921, 0.942765517991086
"p", 5, 16, 3, 100, 53, "24/07/2019 13:46:12", 1563968772.02, 1.0, 18340, 18457, 18398, 0.9929661941112323, 0.9685214281844287, 0.9690727252962279
"t", 5, 256, 3, 100, 82, "24/07/2019 13:46:12", 1563968772.37, 1.0, 18340, 18457, 18398, 0.9272628135223555, 0.8900146285961965, 0.8889553212305685
"r", 5, 64, 3, 100, 75, "24/07/2019 13:46:24", 1563968784.4, 1.0, 18340, 18457, 18398, 0.9878953107960742, 0.9679796283252966, 0.9670616371344711
"o", 5, 8, 3, 100, 38, "24/07/2019 13:46:30", 1563968790.33, 1.0, 18340, 18457, 18398, 0.9876226826608506, 0.9605569702551877, 0.9626046309381454
"s", 5, 128, 3, 100, 81, "24/07/2019 13:47:04", 1563968824.7, 1.0, 18340, 18457, 18398, 0.9707197382769902, 0.9454949341713171, 0.9458636808348734
"q", 5, 32, 3, 100, 66, "24/07/2019 13:47:10", 1563968830.42, 1.0, 18340, 18457, 18398, 0.9959105779716467, 0.9683047082407759, 0.9713555821284923
"t", 5, 256, 3, 100, 83, "24/07/2019 13:47:25", 1563968845.58, 1.0, 18340, 18457, 18398, 0.9340785169029444, 0.8934821476946416, 0.8935210348950973
"r", 5, 64, 3, 100, 76, "24/07/2019 13:47:43", 1563968863.46, 1.0, 18340, 18457, 18398, 0.9917121046892039, 0.9721514872406133, 0.9695075551690401
"p", 5, 16, 3, 100, 54, "24/07/2019 13:48:02", 1563968882.43, 1.0, 18340, 18457, 18398, 0.9910577971646674, 0.9658124288887685, 0.9648331340363083
"s", 5, 128, 3, 100, 82, "24/07/2019 13:48:19", 1563968899.24, 1.0, 18340, 18457, 18398, 0.9790076335877863, 0.9536219320582977, 0.9533644961408849
"t", 5, 256, 3, 100, 84, "24/07/2019 13:48:36", 1563968916.74, 1.0, 18340, 18457, 18398, 0.9178844056706652, 0.8783117516389446, 0.8787368192194803
"q", 5, 32, 3, 100, 67, "24/07/2019 13:48:38", 1563968918.66, 1.0, 18340, 18457, 18398, 0.9937295528898582, 0.9639703093677195, 0.9662463311229481
"r", 5, 64, 3, 100, 77, "24/07/2019 13:48:59", 1563968939.02, 1.0, 18340, 18457, 18398, 0.9878953107960742, 0.9683047082407759, 0.9661919773888467
"o", 5, 8, 3, 100, 39, "24/07/2019 13:49:03", 1563968943.44, 1.0, 18340, 18457, 18398, 0.9888767720828789, 0.9600151703960557, 0.9626046309381454
"s", 5, 128, 3, 100, 83, "24/07/2019 13:49:30", 1563968970.08, 1.0, 18340, 18457, 18398, 0.9775354416575791, 0.949720973072547, 0.9517882378519404
"t", 5, 256, 3, 100, 85, "24/07/2019 13:49:42", 1563968982.74, 1.0, 18340, 18457, 18398, 0.9320065430752453, 0.8922360080186379, 0.8919991303402544
"p", 5, 16, 3, 100, 55, "24/07/2019 13:49:49", 1563968989.69, 1.0, 18340, 18457, 18398, 0.9937295528898582, 0.9674378284661646, 0.9690183715621263
"q", 5, 32, 3, 100, 68, "24/07/2019 13:50:04", 1563969004.9, 1.0, 18340, 18457, 18398, 0.995474372955289, 0.9671127485506854, 0.97092075225568
"r", 5, 64, 3, 100, 78, "24/07/2019 13:50:12", 1563969012.89, 1.0, 18340, 18457, 18398, 0.9900218102508179, 0.9687381481280815, 0.9683661267529079
"s", 5, 128, 3, 100, 84, "24/07/2019 13:50:39", 1563969039.95, 1.0, 18340, 18457, 18398, 0.9842420937840786, 0.9605569702551877, 0.958582454614632
"t", 5, 256, 3, 100, 86, "24/07/2019 13:50:53", 1563969053.68, 1.0, 18340, 18457, 18398, 0.9340785169029444, 0.8931028877932492, 0.892977497554082
"r", 5, 64, 3, 100, 79, "24/07/2019 13:51:26", 1563969086.89, 1.0, 18340, 18457, 18398, 0.9873500545256271, 0.9680338083112099, 0.9674421132731819
"q", 5, 32, 3, 100, 69, "24/07/2019 13:51:36", 1563969096.47, 1.0, 18340, 18457, 18398, 0.994165757906216, 0.9699842878040852, 0.9698880313077508
"o", 5, 8, 3, 100, 40, "24/07/2019 13:51:38", 1563969098.94, 1.0, 18340, 18457, 18398, 0.9872410032715376, 0.9610987701143198, 0.9608653114468964
"p", 5, 16, 3, 100, 56, "24/07/2019 13:51:42", 1563969102.48, 1.0, 18340, 18457, 18398, 0.9929116684841875, 0.9663542287479006, 0.9682574192847049
"s", 5, 128, 3, 100, 85, "24/07/2019 13:51:52", 1563969112.52, 1.0, 18340, 18457, 18398, 0.9836968375136315, 0.9571436311426559, 0.9582019784759213
"t", 5, 256, 3, 100, 87, "24/07/2019 13:52:02", 1563969122.87, 1.0, 18340, 18457, 18398, 0.9286259541984733, 0.8879016091455816, 0.8879226002826394
"r", 5, 64, 3, 100, 80, "24/07/2019 13:52:46", 1563969166.2, 1.0, 18340, 18457, 18398, 0.9886041439476554, 0.9696592078886059, 0.9669529296662681
"s", 5, 128, 3, 100, 86, "24/07/2019 13:53:04", 1563969184.94, 1.0, 18340, 18457, 18398, 0.9854961832061069, 0.9576854310017879, 0.958473747146429
"q", 5, 32, 3, 100, 70, "24/07/2019 13:53:06", 1563969186.95, 1.0, 18340, 18457, 18398, 0.9974918211559433, 0.9704177276913908, 0.9723883030764213
"t", 5, 256, 3, 100, 88, "24/07/2019 13:53:13", 1563969193.59, 1.0, 18340, 18457, 18398, 0.9393129770992367, 0.9016633255675354, 0.9014023263398195
"p", 5, 16, 3, 100, 57, "24/07/2019 13:53:33", 1563969213.78, 1.0, 18340, 18457, 18398, 0.9943838604143947, 0.9690090480576475, 0.9685291879552125
"r", 5, 64, 3, 100, 81, "24/07/2019 13:54:01", 1563969241.71, 1.0, 18340, 18457, 18398, 0.9888222464558343, 0.9696050279026928, 0.9692901402326339
"o", 5, 8, 3, 100, 41, "24/07/2019 13:54:07", 1563969247.76, 1.0, 18340, 18457, 18398, 0.9881679389312977, 0.9623449097903235, 0.9628220458745516
"s", 5, 128, 3, 100, 87, "24/07/2019 13:54:23", 1563969263.18, 1.0, 18340, 18457, 18398, 0.979443838604144, 0.9539470119737768, 0.9538536797477987
"t", 5, 256, 3, 100, 89, "24/07/2019 13:54:25", 1563969265.84, 1.0, 18340, 18457, 18398, 0.9410577971646674, 0.9015549655957089, 0.9032503532992716
"q", 5, 32, 3, 100, 71, "24/07/2019 13:54:39", 1563969279.91, 1.0, 18340, 18457, 18398, 0.9950381679389313, 0.967275288508425, 0.9678769431459942
"n", 5, 1, 3, 100, 8, "24/07/2019 13:55:13", 1563969313.27, 1.0, 18340, 18457, 18398, 0.8490730643402399, 0.8216394863737335, 0.8245461463202522
"r", 5, 64, 3, 100, 82, "24/07/2019 13:55:16", 1563969316.34, 1.0, 18340, 18457, 18398, 0.9908396946564886, 0.9716638673673945, 0.9708120447874768
"p", 5, 16, 3, 100, 58, "24/07/2019 13:55:21", 1563969321.89, 1.0, 18340, 18457, 18398, 0.9942202835332606, 0.9645662892127648, 0.9666268072616588
"t", 5, 256, 3, 100, 90, "24/07/2019 13:55:35", 1563969335.17, 1.0, 18340, 18457, 18398, 0.9376226826608506, 0.8968413068212602, 0.8971083813457985
"s", 5, 128, 3, 100, 88, "24/07/2019 13:55:36", 1563969336.31, 1.0, 18340, 18457, 18398, 0.9873500545256271, 0.9633201495367611, 0.9630394608109577
"q", 5, 32, 3, 100, 72, "24/07/2019 13:56:08", 1563969368.08, 1.0, 18340, 18457, 18398, 0.9968920392584515, 0.9703093677195644, 0.9697249701054462
"r", 5, 64, 3, 100, 83, "24/07/2019 13:56:33", 1563969393.38, 1.0, 18340, 18457, 18398, 0.9872410032715376, 0.96938830795904, 0.9671159908685727
"o", 5, 8, 3, 100, 42, "24/07/2019 13:56:46", 1563969406.15, 1.0, 18340, 18457, 18398, 0.9875681570338058, 0.9596359104946632, 0.9578758560713121
"s", 5, 128, 3, 100, 89, "24/07/2019 13:56:46", 1563969406.99, 1.0, 18340, 18457, 18398, 0.9670665212649946, 0.9414856152137401, 0.9421676269159691
"t", 5, 256, 3, 100, 91, "24/07/2019 13:56:47", 1563969407.2, 1.0, 18340, 18457, 18398, 0.9372410032715376, 0.8997128460746601, 0.8996086531144689
"p", 5, 16, 3, 100, 59, "24/07/2019 13:57:09", 1563969429.92, 1.0, 18340, 18457, 18398, 0.9931842966194111, 0.965704068916942, 0.9664093923252527
"q", 5, 32, 3, 100, 73, "24/07/2019 13:57:33", 1563969453.11, 1.0, 18340, 18457, 18398, 0.9974372955288986, 0.9717722273392209, 0.9726057180128275
"r", 5, 64, 3, 100, 84, "24/07/2019 13:57:53", 1563969473.0, 1.0, 18340, 18457, 18398, 0.9925299890948746, 0.9745354066207943, 0.9721708881400152
"s", 5, 128, 3, 100, 90, "24/07/2019 13:57:59", 1563969479.2, 1.0, 18340, 18457, 18398, 0.98680479825518, 0.9626158097198895, 0.9647244265681052
"t", 5, 256, 3, 100, 92, "24/07/2019 13:58:02", 1563969482.05, 1.0, 18340, 18457, 18398, 0.938113413304253, 0.8997128460746601, 0.9012936188716165
"q", 5, 32, 3, 100, 74, "24/07/2019 13:59:02", 1563969542.0, 1.0, 18340, 18457, 18398, 0.9964558342420938, 0.9702551877336512, 0.9692357864985325
"p", 5, 16, 3, 100, 60, "24/07/2019 13:59:02", 1563969542.54, 1.0, 18340, 18457, 18398, 0.9907851690294438, 0.9633201495367611, 0.9658115012501359
"s", 5, 128, 3, 100, 91, "24/07/2019 13:59:09", 1563969549.46, 1.0, 18340, 18457, 18398, 0.9884405670665213, 0.9627241696917159, 0.9622785085335362
"t", 5, 256, 3, 100, 93, "24/07/2019 13:59:09", 1563969549.51, 1.0, 18340, 18457, 18398, 0.9465103598691385, 0.9082732838489462, 0.9067289922817697
"r", 5, 64, 3, 100, 85, "24/07/2019 13:59:14", 1563969554.18, 1.0, 18340, 18457, 18398, 0.9896401308615049, 0.96938830795904, 0.9681487118165018
"o", 5, 8, 3, 100, 43, "24/07/2019 13:59:18", 1563969558.37, 1.0, 18340, 18457, 18398, 0.9853871319520174, 0.9592024706073576, 0.9575497336667029
"t", 5, 256, 3, 100, 94, "24/07/2019 14:00:19", 1563969619.69, 1.0, 18340, 18457, 18398, 0.9374045801526718, 0.8990626862437016, 0.8992281769757582
"s", 5, 128, 3, 100, 92, "24/07/2019 14:00:21", 1563969621.34, 1.0, 18340, 18457, 18398, 0.9871319520174482, 0.9623990897762367, 0.9634199369496684
"q", 5, 32, 3, 100, 75, "24/07/2019 14:00:30", 1563969630.37, 1.0, 18340, 18457, 18398, 0.9970010905125409, 0.9695508479167796, 0.9714099358625937
"r", 5, 64, 3, 100, 86, "24/07/2019 14:00:32", 1563969632.96, 1.0, 18340, 18457, 18398, 0.9735005452562705, 0.9536219320582977, 0.951951299054245
"p", 5, 16, 3, 100, 61, "24/07/2019 14:00:52", 1563969652.7, 1.0, 18340, 18457, 18398, 0.9932388222464559, 0.9636994094381536, 0.9665724535275574
"t", 5, 256, 3, 100, 95, "24/07/2019 14:01:29", 1563969689.45, 1.0, 18340, 18457, 18398, 0.9412213740458015, 0.9033429051308447, 0.9030329383628656
"s", 5, 128, 3, 100, 93, "24/07/2019 14:01:32", 1563969692.06, 1.0, 18340, 18457, 18398, 0.9872410032715376, 0.9612071300861462, 0.9624415697358408
"o", 5, 8, 3, 100, 44, "24/07/2019 14:01:47", 1563969707.28, 1.0, 18340, 18457, 18398, 0.9843511450381679, 0.9567101912553503, 0.9561908903141646
"r", 5, 64, 3, 100, 87, "24/07/2019 14:01:51", 1563969711.87, 1.0, 18340, 18457, 18398, 0.9886586695747, 0.9718264073251341, 0.9703772149146647
"q", 5, 32, 3, 100, 76, "24/07/2019 14:01:56", 1563969716.71, 1.0, 18340, 18457, 18398, 0.9935114503816794, 0.9654873489732892, 0.965920208718339
"t", 5, 256, 3, 100, 96, "24/07/2019 14:02:42", 1563969762.78, 1.0, 18340, 18457, 18398, 0.9489094874591057, 0.9056184645391993, 0.9059680400043483
"p", 5, 16, 3, 100, 62, "24/07/2019 14:02:43", 1563969763.44, 1.0, 18340, 18457, 18398, 0.9957470010905125, 0.9698759278322587, 0.9708663985215784
"s", 5, 128, 3, 100, 94, "24/07/2019 14:02:49", 1563969769.11, 1.0, 18340, 18457, 18398, 0.9897491821155944, 0.9663542287479006, 0.9655397325796282
"r", 5, 64, 3, 100, 88, "24/07/2019 14:03:12", 1563969792.01, 1.0, 18340, 18457, 18398, 0.9877317339149401, 0.9684130682126023, 0.966844222198065
"q", 5, 32, 3, 100, 77, "24/07/2019 14:03:26", 1563969806.93, 1.0, 18340, 18457, 18398, 0.9956924754634678, 0.9681421682830362, 0.9696162626372432
"t", 5, 256, 3, 100, 97, "24/07/2019 14:03:57", 1563969837.41, 1.0, 18340, 18457, 18398, 0.9502181025081788, 0.9096277834967763, 0.9086857267094249
"s", 5, 128, 3, 100, 95, "24/07/2019 14:04:02", 1563969842.22, 1.0, 18340, 18457, 18398, 0.9900218102508179, 0.9663000487619873, 0.9667898684639634
"o", 5, 8, 3, 100, 45, "24/07/2019 14:04:18", 1563969858.87, 1.0, 18340, 18457, 18398, 0.9907851690294438, 0.964620469198678, 0.9654310251114252
"r", 5, 64, 3, 100, 89, "24/07/2019 14:04:29", 1563969869.25, 1.0, 18340, 18457, 18398, 0.9938931297709923, 0.9762691661700168, 0.9750516360473964
"p", 5, 16, 3, 100, 63, "24/07/2019 14:04:35", 1563969875.1, 1.0, 18340, 18457, 18398, 0.9899127589967285, 0.9630492496071951, 0.9638547668224807
"q", 5, 32, 3, 100, 78, "24/07/2019 14:04:57", 1563969897.88, 1.0, 18340, 18457, 18398, 0.9966194111232279, 0.9691174080294739, 0.9703772149146647
"t", 5, 256, 3, 100, 98, "24/07/2019 14:05:08", 1563969908.9, 1.0, 18340, 18457, 18398, 0.9496183206106871, 0.9101154033699951, 0.910425046200674
"s", 5, 128, 3, 100, 96, "24/07/2019 14:05:18", 1563969918.42, 1.0, 18340, 18457, 18398, 0.9914940021810251, 0.9677629083816438, 0.9673334058049788
"r", 5, 64, 3, 100, 90, "24/07/2019 14:05:50", 1563969950.18, 1.0, 18340, 18457, 18398, 0.9928026172300981, 0.9737227068320963, 0.9727144254810306
"t", 5, 256, 3, 100, 99, "24/07/2019 14:06:21", 1563969981.16, 1.0, 18340, 18457, 18398, 0.9447655398037077, 0.9062144443842445, 0.9039569518425916
"q", 5, 32, 3, 100, 79, "24/07/2019 14:06:27", 1563969987.11, 1.0, 18340, 18457, 18398, 0.9967284623773174, 0.9697675678604324, 0.9711381671920861
"p", 5, 16, 3, 100, 64, "24/07/2019 14:06:27", 1563969987.96, 1.0, 18340, 18457, 18398, 0.993784078516903, 0.9657582489028553, 0.9663006848570497
"s", 5, 128, 3, 100, 97, "24/07/2019 14:06:32", 1563969992.09, 1.0, 18340, 18457, 18398, 0.990185387131952, 0.9668960286070326, 0.9663006848570497
"o", 5, 8, 3, 100, 46, "24/07/2019 14:06:54", 1563970014.19, 1.0, 18340, 18457, 18398, 0.9926935659760088, 0.9665709486915534, 0.966028916186542
"r", 5, 64, 3, 100, 91, "24/07/2019 14:07:07", 1563970027.3, 1.0, 18340, 18457, 18398, 0.9925845147219193, 0.9730725470011378, 0.9736384389607566
"t", 5, 256, 3, 100, 100, "24/07/2019 14:07:31", 1563970051.13, 1.0, 18340, 18457, 18398, 0.9325517993456924, 0.891477488215853, 0.8969996738775954
"s", 5, 128, 3, 100, 98, "24/07/2019 14:07:45", 1563970065.18, 1.0, 18340, 18457, 18398, 0.9808615049073064, 0.9585523107763992, 0.9587998695510381
"q", 5, 32, 3, 100, 80, "24/07/2019 14:07:54", 1563970074.76, 1.0, 18340, 18457, 18398, 0.997164667393675, 0.9720431272687869, 0.972660071746929
"n", 5, 1, 3, 100, 9, "24/07/2019 14:08:07", 1563970087.82, 1.0, 18340, 18457, 18398, 0.8366957470010905, 0.8140001083599718, 0.8227524730949016
"p", 5, 16, 3, 100, 65, "24/07/2019 14:08:12", 1563970092.52, 1.0, 18340, 18457, 18398, 0.9880588876772083, 0.9603944302974481, 0.9616806174584194
"r", 5, 64, 3, 100, 92, "24/07/2019 14:08:17", 1563970097.29, 1.0, 18340, 18457, 18398, 0.9891494002181025, 0.9732892669447906, 0.9713555821284923
"s", 5, 128, 3, 100, 99, "24/07/2019 14:08:48", 1563970128.68, 1.0, 18340, 18457, 18398, 0.9934569247546347, 0.9713929674378284, 0.9711925209261876
"q", 5, 32, 3, 100, 81, "24/07/2019 14:09:10", 1563970150.05, 1.0, 18340, 18457, 18398, 0.9974918211559433, 0.9712304274800888, 0.9702141537123601
"o", 5, 8, 3, 100, 47, "24/07/2019 14:09:12", 1563970152.88, 1.0, 18340, 18457, 18398, 0.9923664122137404, 0.964620469198678, 0.966735514729862
"r", 5, 64, 3, 100, 93, "24/07/2019 14:09:24", 1563970164.39, 1.0, 18340, 18457, 18398, 0.9920392584514722, 0.9739394267757491, 0.9728231329492336
"p", 5, 16, 3, 100, 66, "24/07/2019 14:09:46", 1563970186.64, 1.0, 18340, 18457, 18398, 0.9964558342420938, 0.9707969875927832, 0.971844765735406
"s", 5, 128, 3, 100, 100, "24/07/2019 14:09:50", 1563970190.08, 1.0, 18340, 18457, 18398, 0.9862595419847329, 0.9615322100016254, 0.9624959234699424
"q", 5, 32, 3, 100, 82, "24/07/2019 14:10:23", 1563970223.09, 1.0, 18340, 18457, 18398, 0.9984732824427481, 0.9729100070433981, 0.9743450375040765
"r", 5, 64, 3, 100, 94, "24/07/2019 14:10:23", 1563970223.22, 1.0, 18340, 18457, 18398, 0.9919847328244275, 0.9715013274096549, 0.9717904120013044
"p", 5, 16, 3, 100, 67, "24/07/2019 14:11:13", 1563970273.53, 1.0, 18340, 18457, 18398, 0.9953653217011995, 0.9701468277618248, 0.9708120447874768
"o", 5, 8, 3, 100, 48, "24/07/2019 14:11:19", 1563970279.36, 1.0, 18340, 18457, 18398, 0.9962377317339149, 0.9718264073251341, 0.971844765735406
"r", 5, 64, 3, 100, 95, "24/07/2019 14:11:20", 1563970280.34, 1.0, 18340, 18457, 18398, 0.9933478735005452, 0.9757815462967979, 0.9743993912381781
"q", 5, 32, 3, 100, 83, "24/07/2019 14:11:32", 1563970292.54, 1.0, 18340, 18457, 18398, 0.9965103598691385, 0.9703093677195644, 0.97092075225568
"r", 5, 64, 3, 100, 96, "24/07/2019 14:12:19", 1563970339.5, 1.0, 18340, 18457, 18398, 0.9887131952017448, 0.9694424879449531, 0.9686378954234156
"p", 5, 16, 3, 100, 68, "24/07/2019 14:12:37", 1563970357.95, 1.0, 18340, 18457, 18398, 0.9976008724100327, 0.9695508479167796, 0.9716817045331014
"q", 5, 32, 3, 100, 84, "24/07/2019 14:12:41", 1563970361.09, 1.0, 18340, 18457, 18398, 0.9961286804798255, 0.9711762474941756, 0.9709751059897815
"r", 5, 64, 3, 100, 97, "24/07/2019 14:13:14", 1563970394.03, 1.0, 18340, 18457, 18398, 0.994165757906216, 0.976594246085496, 0.9761387107294272
"o", 5, 8, 3, 100, 49, "24/07/2019 14:13:18", 1563970398.63, 1.0, 18340, 18457, 18398, 0.9888222464558343, 0.9661375088042478, 0.9657571475160344
"q", 5, 32, 3, 100, 85, "24/07/2019 14:13:47", 1563970427.05, 1.0, 18340, 18457, 18398, 0.9965648854961832, 0.9706344476350436, 0.9722795956082183
"p", 5, 16, 3, 100, 69, "24/07/2019 14:14:00", 1563970440.26, 1.0, 18340, 18457, 18398, 0.9902399127589967, 0.9637535894240667, 0.9620067398630285
"r", 5, 64, 3, 100, 98, "24/07/2019 14:14:14", 1563970454.56, 1.0, 18340, 18457, 18398, 0.9941112322791712, 0.9769193260009752, 0.9747798673768888
"q", 5, 32, 3, 100, 86, "24/07/2019 14:14:55", 1563970495.05, 1.0, 18340, 18457, 18398, 0.996782988004362, 0.9706886276209569, 0.9732036090879443
"r", 5, 64, 3, 100, 99, "24/07/2019 14:15:10", 1563970510.73, 1.0, 18340, 18457, 18398, 0.9766630316248637, 0.9549764317061278, 0.954397217088814
"o", 5, 8, 3, 100, 50, "24/07/2019 14:15:17", 1563970517.43, 1.0, 18340, 18457, 18398, 0.9942202835332606, 0.9705802676491304, 0.9721708881400152
"p", 5, 16, 3, 100, 70, "24/07/2019 14:15:23", 1563970523.54, 1.0, 18340, 18457, 18398, 0.9939476553980371, 0.9681421682830362, 0.9699967387759539
"q", 5, 32, 3, 100, 87, "24/07/2019 14:16:00", 1563970560.05, 1.0, 18340, 18457, 18398, 0.9971101417666303, 0.96938830795904, 0.9704315686487661
"r", 5, 64, 3, 100, 100, "24/07/2019 14:16:08", 1563970568.75, 1.0, 18340, 18457, 18398, 0.9799345692475463, 0.9609362301565801, 0.9623328622676378
"p", 5, 16, 3, 100, 71, "24/07/2019 14:16:43", 1563970603.84, 1.0, 18340, 18457, 18398, 0.9882224645583424, 0.956385111339871, 0.9583106859441244
"q", 5, 32, 3, 100, 88, "24/07/2019 14:16:55", 1563970615.44, 1.0, 18340, 18457, 18398, 0.9984732824427481, 0.9727474670856585, 0.973475377758452
"o", 5, 8, 3, 100, 51, "24/07/2019 14:17:10", 1563970630.11, 1.0, 18340, 18457, 18398, 0.9971101417666303, 0.9729641870293114, 0.9745624524404827
"q", 5, 32, 3, 100, 89, "24/07/2019 14:17:48", 1563970668.31, 1.0, 18340, 18457, 18398, 0.9971101417666303, 0.9722056672265266, 0.9720078269377106
"p", 5, 16, 3, 100, 72, "24/07/2019 14:17:51", 1563970671.33, 1.0, 18340, 18457, 18398, 0.9850599781897492, 0.9557349515089126, 0.9566800739210783
"q", 5, 32, 3, 100, 90, "24/07/2019 14:18:42", 1563970722.96, 1.0, 18340, 18457, 18398, 0.9954198473282443, 0.9696592078886059, 0.9702141537123601
"n", 5, 1, 3, 100, 10, "24/07/2019 14:18:46", 1563970726.74, 1.0, 18340, 18457, 18398, 0.8551799345692476, 0.8342092431055967, 0.8381889335797369
"o", 5, 8, 3, 100, 52, "24/07/2019 14:18:51", 1563970731.37, 1.0, 18340, 18457, 18398, 0.9958015267175573, 0.9710678875223493, 0.9724426568105229
"p", 5, 16, 3, 100, 73, "24/07/2019 14:19:00", 1563970740.91, 1.0, 18340, 18457, 18398, 0.9969465648854962, 0.9713929674378284, 0.9703772149146647
"q", 5, 32, 3, 100, 91, "24/07/2019 14:19:37", 1563970777.17, 1.0, 18340, 18457, 18398, 0.9976553980370775, 0.972855827057485, 0.9729318404174366
"p", 5, 16, 3, 100, 74, "24/07/2019 14:20:09", 1563970809.77, 1.0, 18340, 18457, 18398, 0.9970556161395856, 0.9687381481280815, 0.9714642895966953
"q", 5, 32, 3, 100, 92, "24/07/2019 14:20:31", 1563970831.61, 1.0, 18340, 18457, 18398, 0.997546346782988, 0.9721514872406133, 0.973475377758452
"o", 5, 8, 3, 100, 53, "24/07/2019 14:20:32", 1563970832.07, 1.0, 18340, 18457, 18398, 0.9932388222464559, 0.967546188437991, 0.9682030655506033
"p", 5, 16, 3, 100, 75, "24/07/2019 14:21:15", 1563970875.46, 1.0, 18340, 18457, 18398, 0.9948745910577972, 0.967817088367557, 0.9676051744754864
"q", 5, 32, 3, 100, 93, "24/07/2019 14:21:24", 1563970884.83, 1.0, 18340, 18457, 18398, 0.9982006543075246, 0.9736143468602698, 0.9748342211109903
"o", 5, 8, 3, 100, 54, "24/07/2019 14:22:10", 1563970930.75, 1.0, 18340, 18457, 18398, 0.9953653217011995, 0.9672211085225118, 0.9693988477008371
"q", 5, 32, 3, 100, 94, "24/07/2019 14:22:17", 1563970937.58, 1.0, 18340, 18457, 18398, 0.9957470010905125, 0.9691715880153872, 0.9681487118165018
"p", 5, 16, 3, 100, 76, "24/07/2019 14:22:21", 1563970941.13, 1.0, 18340, 18457, 18398, 0.9949291166848419, 0.967817088367557, 0.9682030655506033
"q", 5, 32, 3, 100, 95, "24/07/2019 14:23:11", 1563970991.33, 1.0, 18340, 18457, 18398, 0.9938931297709923, 0.9699842878040852, 0.9691814327644309
"p", 5, 16, 3, 100, 77, "24/07/2019 14:23:28", 1563971008.36, 1.0, 18340, 18457, 18398, 0.9970010905125409, 0.9705802676491304, 0.9715729970648984
"o", 5, 8, 3, 100, 55, "24/07/2019 14:23:50", 1563971030.51, 1.0, 18340, 18457, 18398, 0.9932388222464559, 0.9670585685647721, 0.968583541689314
"q", 5, 32, 3, 100, 96, "24/07/2019 14:24:05", 1563971045.54, 1.0, 18340, 18457, 18398, 0.9983642311886587, 0.9728016470715718, 0.9728774866833352
"p", 5, 16, 3, 100, 78, "24/07/2019 14:24:35", 1563971075.97, 1.0, 18340, 18457, 18398, 0.9981461286804798, 0.9719889472828737, 0.9715729970648984
"q", 5, 32, 3, 100, 97, "24/07/2019 14:25:02", 1563971102.25, 1.0, 18340, 18457, 18398, 0.9970556161395856, 0.9713387874519153, 0.9719534732036091
"o", 5, 8, 3, 100, 56, "24/07/2019 14:25:32", 1563971132.17, 1.0, 18340, 18457, 18398, 0.993784078516903, 0.9682505282548627, 0.9678225894118926
"p", 5, 16, 3, 100, 79, "24/07/2019 14:25:47", 1563971147.53, 1.0, 18340, 18457, 18398, 0.9949291166848419, 0.9700384677899984, 0.9681487118165018
"q", 5, 32, 3, 100, 98, "24/07/2019 14:25:56", 1563971156.84, 1.0, 18340, 18457, 18398, 0.9967284623773174, 0.9704177276913908, 0.9711381671920861
"q", 5, 32, 3, 100, 99, "24/07/2019 14:26:50", 1563971210.34, 1.0, 18340, 18457, 18398, 0.9974372955288986, 0.9722056672265266, 0.9723883030764213
"p", 5, 16, 3, 100, 80, "24/07/2019 14:26:57", 1563971217.56, 1.0, 18340, 18457, 18398, 0.9952017448200654, 0.9679254483393834, 0.9688009566257202
"o", 5, 8, 3, 100, 57, "24/07/2019 14:27:12", 1563971232.49, 1.0, 18340, 18457, 18398, 0.991875681570338, 0.9673836484802514, 0.967659528209588
"n", 5, 1, 3, 100, 11, "24/07/2019 14:27:33", 1563971253.33, 1.0, 18340, 18457, 18398, 0.8579607415485279, 0.8351303028661212, 0.8374279813023154
"q", 5, 32, 3, 100, 100, "24/07/2019 14:27:44", 1563971264.47, 1.0, 18340, 18457, 18398, 0.9973282442748092, 0.972584927127919, 0.9712468746602891
"p", 5, 16, 3, 100, 81, "24/07/2019 14:28:03", 1563971283.74, 1.0, 18340, 18457, 18398, 0.9942202835332606, 0.9689006880858211, 0.9699967387759539
"o", 5, 8, 3, 100, 58, "24/07/2019 14:28:39", 1563971319.47, 1.0, 18340, 18457, 18398, 0.9929661941112323, 0.9676545484098175, 0.967659528209588
"p", 5, 16, 3, 100, 82, "24/07/2019 14:28:59", 1563971339.25, 1.0, 18340, 18457, 18398, 0.996782988004362, 0.9718264073251341, 0.9720078269377106
"p", 5, 16, 3, 100, 83, "24/07/2019 14:29:54", 1563971394.37, 1.0, 18340, 18457, 18398, 0.9968920392584515, 0.9704177276913908, 0.9705946298510708
"o", 5, 8, 3, 100, 59, "24/07/2019 14:29:58", 1563971398.37, 1.0, 18340, 18457, 18398, 0.9957470010905125, 0.9687381481280815, 0.9696706163713447
"p", 5, 16, 3, 100, 84, "24/07/2019 14:30:48", 1563971448.61, 1.0, 18340, 18457, 18398, 0.9973282442748092, 0.9695508479167796, 0.970105446244157
"o", 5, 8, 3, 100, 60, "24/07/2019 14:31:16", 1563971476.19, 1.0, 18340, 18457, 18398, 0.9966194111232279, 0.9723140271983529, 0.9729318404174366
"p", 5, 16, 3, 100, 85, "24/07/2019 14:31:40", 1563971500.86, 1.0, 18340, 18457, 18398, 0.9959651035986914, 0.9692257680013003, 0.9692901402326339
"p", 5, 16, 3, 100, 86, "24/07/2019 14:32:31", 1563971551.32, 1.0, 18340, 18457, 18398, 0.9977644492911668, 0.9708511675786964, 0.9715729970648984
"o", 5, 8, 3, 100, 61, "24/07/2019 14:32:34", 1563971554.52, 1.0, 18340, 18457, 18398, 0.9960196292257361, 0.9723140271983529, 0.9719534732036091
"p", 5, 16, 3, 100, 87, "24/07/2019 14:33:21", 1563971601.53, 1.0, 18340, 18457, 18398, 0.9982006543075246, 0.9705260876632172, 0.9722252418741167
"o", 5, 8, 3, 100, 62, "24/07/2019 14:33:50", 1563971630.64, 1.0, 18340, 18457, 18398, 0.9955834242093784, 0.9709595275505228, 0.9723883030764213
"p", 5, 16, 3, 100, 88, "24/07/2019 14:34:17", 1563971657.16, 1.0, 18340, 18457, 18398, 0.9953653217011995, 0.9699842878040852, 0.9699423850418524
"n", 5, 1, 3, 100, 12, "24/07/2019 14:35:03", 1563971703.42, 1.0, 18340, 18457, 18398, 0.8646128680479825, 0.8440158205558866, 0.844113490596804
"p", 5, 16, 3, 100, 89, "24/07/2019 14:35:12", 1563971712.78, 1.0, 18340, 18457, 18398, 0.9973282442748092, 0.9707969875927832, 0.9715186433307968
"o", 5, 8, 3, 100, 63, "24/07/2019 14:35:14", 1563971714.79, 1.0, 18340, 18457, 18398, 0.9908942202835332, 0.9679796283252966, 0.9660832699206435
"p", 5, 16, 3, 100, 90, "24/07/2019 14:36:05", 1563971765.23, 1.0, 18340, 18457, 18398, 0.9972737186477645, 0.9724765671560925, 0.971844765735406
"o", 5, 8, 3, 100, 64, "24/07/2019 14:36:33", 1563971793.68, 1.0, 18340, 18457, 18398, 0.9942202835332606, 0.9712304274800888, 0.9696162626372432
"p", 5, 16, 3, 100, 91, "24/07/2019 14:37:00", 1563971820.8, 1.0, 18340, 18457, 18398, 0.9971101417666303, 0.9693341279731267, 0.9699423850418524
"o", 5, 8, 3, 100, 65, "24/07/2019 14:37:57", 1563971877.27, 1.0, 18340, 18457, 18398, 0.9949291166848419, 0.971013707536436, 0.9705402761169692
"p", 5, 16, 3, 100, 92, "24/07/2019 14:37:58", 1563971878.29, 1.0, 18340, 18457, 18398, 0.9976008724100327, 0.9722598472124397, 0.9729318404174366
"p", 5, 16, 3, 100, 93, "24/07/2019 14:38:52", 1563971932.56, 1.0, 18340, 18457, 18398, 0.9986913849509269, 0.9723140271983529, 0.9729318404174366
"o", 5, 8, 3, 100, 66, "24/07/2019 14:39:18", 1563971958.43, 1.0, 18340, 18457, 18398, 0.9982006543075246, 0.9717722273392209, 0.9725513642787259
"p", 5, 16, 3, 100, 94, "24/07/2019 14:39:45", 1563971985.81, 1.0, 18340, 18457, 18398, 0.9976553980370775, 0.9716638673673945, 0.9722795956082183
"o", 5, 8, 3, 100, 67, "24/07/2019 14:40:34", 1563972034.74, 1.0, 18340, 18457, 18398, 0.9937295528898582, 0.967817088367557, 0.968583541689314
"p", 5, 16, 3, 100, 95, "24/07/2019 14:40:37", 1563972037.98, 1.0, 18340, 18457, 18398, 0.9977099236641221, 0.9708511675786964, 0.97092075225568
"p", 5, 16, 3, 100, 96, "24/07/2019 14:41:30", 1563972090.61, 1.0, 18340, 18457, 18398, 0.9923118865866958, 0.9648371891423309, 0.9669529296662681
"o", 5, 8, 3, 100, 68, "24/07/2019 14:41:50", 1563972110.81, 1.0, 18340, 18457, 18398, 0.9935114503816794, 0.9696050279026928, 0.9697793238395478
"p", 5, 16, 3, 100, 97, "24/07/2019 14:42:22", 1563972142.32, 1.0, 18340, 18457, 18398, 0.9980916030534351, 0.9720431272687869, 0.9732036090879443
"n", 5, 1, 3, 100, 13, "24/07/2019 14:42:31", 1563972151.56, 1.0, 18340, 18457, 18398, 0.8693565976008724, 0.8493254591753806, 0.8511251222959018
"o", 5, 8, 3, 100, 69, "24/07/2019 14:43:07", 1563972187.23, 1.0, 18340, 18457, 18398, 0.995474372955289, 0.9671127485506854, 0.9682574192847049
"p", 5, 16, 3, 100, 98, "24/07/2019 14:43:15", 1563972195.48, 1.0, 18340, 18457, 18398, 0.9973282442748092, 0.9699842878040852, 0.9702141537123601
"p", 5, 16, 3, 100, 99, "24/07/2019 14:44:08", 1563972248.38, 1.0, 18340, 18457, 18398, 0.9986368593238822, 0.9715555073955681, 0.9721708881400152
"o", 5, 8, 3, 100, 70, "24/07/2019 14:44:27", 1563972267.13, 1.0, 18340, 18457, 18398, 0.9943293347873501, 0.9732350869588774, 0.971844765735406
"p", 5, 16, 3, 100, 100, "24/07/2019 14:45:01", 1563972301.8, 1.0, 18340, 18457, 18398, 0.995856052344602, 0.9699842878040852, 0.9692901402326339
"o", 5, 8, 3, 100, 71, "24/07/2019 14:45:35", 1563972335.78, 1.0, 18340, 18457, 18398, 0.9902399127589967, 0.9654331689873761, 0.9649961952386129
"o", 5, 8, 3, 100, 72, "24/07/2019 14:46:32", 1563972392.32, 1.0, 18340, 18457, 18398, 0.9921483097055616, 0.9640244893536327, 0.9649961952386129
"o", 5, 8, 3, 100, 73, "24/07/2019 14:47:23", 1563972443.77, 1.0, 18340, 18457, 18398, 0.9930752453653217, 0.9695508479167796, 0.9693988477008371
"o", 5, 8, 3, 100, 74, "24/07/2019 14:48:15", 1563972495.21, 1.0, 18340, 18457, 18398, 0.9955288985823337, 0.970471907677304, 0.9702685074464615
"n", 5, 1, 3, 100, 14, "24/07/2019 14:48:36", 1563972516.35, 1.0, 18340, 18457, 18398, 0.840567066521265, 0.8203391667118166, 0.8241656701815415
"o", 5, 8, 3, 100, 75, "24/07/2019 14:49:10", 1563972550.31, 1.0, 18340, 18457, 18398, 0.9986368593238822, 0.9746437665926206, 0.9746711599086857
"o", 5, 8, 3, 100, 76, "24/07/2019 14:50:08", 1563972608.73, 1.0, 18340, 18457, 18398, 0.9953653217011995, 0.9724765671560925, 0.9711381671920861
"o", 5, 8, 3, 100, 77, "24/07/2019 14:51:06", 1563972666.24, 1.0, 18340, 18457, 18398, 0.9958015267175573, 0.9738310668039226, 0.9734210240243505
"o", 5, 8, 3, 100, 78, "24/07/2019 14:51:59", 1563972719.85, 1.0, 18340, 18457, 18398, 0.9942202835332606, 0.9733434469307038, 0.9724426568105229
"o", 5, 8, 3, 100, 79, "24/07/2019 14:52:53", 1563972773.93, 1.0, 18340, 18457, 18398, 0.9948200654307524, 0.9726391071138322, 0.9740732688335688
"o", 5, 8, 3, 100, 80, "24/07/2019 14:53:48", 1563972828.12, 1.0, 18340, 18457, 18398, 0.9962377317339149, 0.973668526846183, 0.9746168061745842
"n", 5, 1, 3, 100, 15, "24/07/2019 14:54:02", 1563972842.13, 1.0, 18340, 18457, 18398, 0.8580697928026172, 0.8423362409925773, 0.8444396130014132
"o", 5, 8, 3, 100, 81, "24/07/2019 14:54:43", 1563972883.65, 1.0, 18340, 18457, 18398, 0.996401308615049, 0.9732350869588774, 0.973475377758452
"o", 5, 8, 3, 100, 82, "24/07/2019 14:55:46", 1563972946.29, 1.0, 18340, 18457, 18398, 0.9927480916030534, 0.9711762474941756, 0.9716817045331014
"o", 5, 8, 3, 100, 83, "24/07/2019 14:56:44", 1563973004.52, 1.0, 18340, 18457, 18398, 0.9968375136314067, 0.9735059868884434, 0.9743993912381781
"o", 5, 8, 3, 100, 84, "24/07/2019 14:57:39", 1563973059.82, 1.0, 18340, 18457, 18398, 0.9949836423118866, 0.9706886276209569, 0.9708120447874768
"o", 5, 8, 3, 100, 85, "24/07/2019 14:58:35", 1563973115.11, 1.0, 18340, 18457, 18398, 0.9967284623773174, 0.9739394267757491, 0.9746168061745842
"n", 5, 1, 3, 100, 16, "24/07/2019 14:59:24", 1563973164.63, 1.0, 18340, 18457, 18398, 0.8628135223555071, 0.8499214390204258, 0.845852810088053
"o", 5, 8, 3, 100, 86, "24/07/2019 14:59:28", 1563973168.96, 1.0, 18340, 18457, 18398, 0.995474372955289, 0.9738310668039226, 0.9733123165561474
"o", 5, 8, 3, 100, 87, "24/07/2019 15:00:27", 1563973227.17, 1.0, 18340, 18457, 18398, 0.9951472191930207, 0.9715013274096549, 0.9733123165561474
"o", 5, 8, 3, 100, 88, "24/07/2019 15:01:23", 1563973283.46, 1.0, 18340, 18457, 18398, 0.9971101417666303, 0.9735601668743566, 0.9754321121861071
"o", 5, 8, 3, 100, 89, "24/07/2019 15:02:20", 1563973340.9, 1.0, 18340, 18457, 18398, 0.9984732824427481, 0.9764317061277564, 0.9763017719317317
"o", 5, 8, 3, 100, 90, "24/07/2019 15:03:13", 1563973393.54, 1.0, 18340, 18457, 18398, 0.9969465648854962, 0.9749146665221867, 0.9749429285791934
"o", 5, 8, 3, 100, 91, "24/07/2019 15:04:05", 1563973445.72, 1.0, 18340, 18457, 18398, 0.9974918211559433, 0.9726391071138322, 0.9717904120013044
"n", 5, 1, 3, 100, 17, "24/07/2019 15:04:37", 1563973477.13, 1.0, 18340, 18457, 18398, 0.8636859323882224, 0.8443409004713659, 0.8470485922382868
"o", 5, 8, 3, 100, 92, "24/07/2019 15:05:00", 1563973500.57, 1.0, 18340, 18457, 18398, 0.9973827699018538, 0.9720973072547001, 0.974290683769975
"o", 5, 8, 3, 100, 93, "24/07/2019 15:06:01", 1563973561.0, 1.0, 18340, 18457, 18398, 0.9984187568157034, 0.9749688465080999, 0.975105989781498
"o", 5, 8, 3, 100, 94, "24/07/2019 15:07:02", 1563973622.16, 1.0, 18340, 18457, 18398, 0.9964558342420938, 0.9716638673673945, 0.9723339493423199
"o", 5, 8, 3, 100, 95, "24/07/2019 15:08:02", 1563973682.48, 1.0, 18340, 18457, 18398, 0.9932388222464559, 0.9690632280435607, 0.9689640178280248
"o", 5, 8, 3, 100, 96, "24/07/2019 15:08:59", 1563973739.85, 1.0, 18340, 18457, 18398, 0.9847873500545257, 0.9642412092972856, 0.9641808892270899
"o", 5, 8, 3, 100, 97, "24/07/2019 15:09:53", 1563973793.17, 1.0, 18340, 18457, 18398, 0.9990185387131952, 0.9765400660995828, 0.9771170779432548
"n", 5, 1, 3, 100, 18, "24/07/2019 15:10:08", 1563973808.83, 1.0, 18340, 18457, 18398, 0.8513086150490731, 0.8314460638240234, 0.8329166213718883
"o", 5, 8, 3, 100, 98, "24/07/2019 15:10:52", 1563973852.42, 1.0, 18340, 18457, 18398, 0.9988004362050164, 0.97632334615593, 0.9758125883248179
"o", 5, 8, 3, 100, 99, "24/07/2019 15:11:52", 1563973912.0, 1.0, 18340, 18457, 18398, 0.9973282442748092, 0.9748063065503603, 0.9759756495271226
"o", 5, 8, 3, 100, 100, "24/07/2019 15:12:51", 1563973971.28, 1.0, 18340, 18457, 18398, 0.997928026172301, 0.9749688465080999, 0.9755408196543103
"n", 5, 1, 3, 100, 19, "24/07/2019 15:15:05", 1563974105.27, 1.0, 18340, 18457, 18398, 0.8605779716466739, 0.8389770818659588, 0.8411240352212197
"n", 5, 1, 3, 100, 20, "24/07/2019 15:19:32", 1563974372.82, 1.0, 18340, 18457, 18398, 0.8851690294438386, 0.8633038955409872, 0.8653658006305033
"n", 5, 1, 3, 100, 21, "24/07/2019 15:23:54", 1563974634.12, 1.0, 18340, 18457, 18398, 0.8722464558342421, 0.8548518177385274, 0.8558538971627351
"n", 5, 1, 3, 100, 22, "24/07/2019 15:28:28", 1563974908.2, 1.0, 18340, 18457, 18398, 0.8715921483097055, 0.8479709595275505, 0.8502011088161757
"n", 5, 1, 3, 100, 23, "24/07/2019 15:32:48", 1563975168.57, 1.0, 18340, 18457, 18398, 0.8736095965103599, 0.8525762583301728, 0.8529187955212523
"n", 5, 1, 3, 100, 24, "24/07/2019 15:37:17", 1563975437.9, 1.0, 18340, 18457, 18398, 0.8847328244274809, 0.8632497155550739, 0.8669420589194478
"n", 5, 1, 3, 100, 25, "24/07/2019 15:41:22", 1563975682.75, 1.0, 18340, 18457, 18398, 0.8599236641221374, 0.8382185620631739, 0.8357430155451679
"n", 5, 1, 3, 100, 26, "24/07/2019 15:45:33", 1563975933.87, 1.0, 18340, 18457, 18398, 0.8712649945474373, 0.8493254591753806, 0.8504728774866833
"n", 5, 1, 3, 100, 27, "24/07/2019 15:49:52", 1563976192.78, 1.0, 18340, 18457, 18398, 0.8824972737186477, 0.8609199761608062, 0.8627024676595282
"n", 5, 1, 3, 100, 28, "24/07/2019 15:54:12", 1563976452.93, 1.0, 18340, 18457, 18398, 0.8722464558342421, 0.855014357696267, 0.8550929448853136
"n", 5, 1, 3, 100, 29, "24/07/2019 15:58:33", 1563976713.96, 1.0, 18340, 18457, 18398, 0.8934569247546347, 0.8712141734843148, 0.8706924665724536
"n", 5, 1, 3, 100, 30, "24/07/2019 16:03:06", 1563976986.72, 1.0, 18340, 18457, 18398, 0.8774263904034897, 0.8552310776399198, 0.8532449179258615
"n", 5, 1, 3, 100, 31, "24/07/2019 16:07:26", 1563977246.06, 1.0, 18340, 18457, 18398, 0.8881679389312978, 0.8707807335970092, 0.8712903576475703
"n", 5, 1, 3, 100, 32, "24/07/2019 16:11:55", 1563977515.67, 1.0, 18340, 18457, 18398, 0.8726826608505998, 0.8503006989218183, 0.8493858028046527
"n", 5, 1, 3, 100, 33, "24/07/2019 16:16:14", 1563977774.48, 1.0, 18340, 18457, 18398, 0.8792802617230098, 0.8644416752451645, 0.8643330796825742
"n", 5, 1, 3, 100, 34, "24/07/2019 16:20:33", 1563978033.95, 1.0, 18340, 18457, 18398, 0.8906215921483097, 0.870997453540662, 0.873192738341124
"n", 5, 1, 3, 100, 35, "24/07/2019 16:25:03", 1563978303.53, 1.0, 18340, 18457, 18398, 0.8769356597600872, 0.8583735168228857, 0.8588433525383193
"n", 5, 1, 3, 100, 36, "24/07/2019 16:29:21", 1563978561.64, 1.0, 18340, 18457, 18398, 0.8664122137404581, 0.8469415397951997, 0.8489509729318404
"n", 5, 1, 3, 100, 37, "24/07/2019 16:33:43", 1563978823.21, 1.0, 18340, 18457, 18398, 0.8634133042529989, 0.8510592187246031, 0.8540602239373845
"n", 5, 1, 3, 100, 38, "24/07/2019 16:38:21", 1563979101.95, 1.0, 18340, 18457, 18398, 0.8817339149400218, 0.8617868559354175, 0.8647679095553864
"n", 5, 1, 3, 100, 39, "24/07/2019 16:42:38", 1563979358.92, 1.0, 18340, 18457, 18398, 0.8731733914940022, 0.858210976865146, 0.8604739645613654
"n", 5, 1, 3, 100, 40, "24/07/2019 16:46:56", 1563979616.14, 1.0, 18340, 18457, 18398, 0.8812431842966194, 0.858210976865146, 0.8616697467115991
"n", 5, 1, 3, 100, 41, "24/07/2019 16:51:15", 1563979875.68, 1.0, 18340, 18457, 18398, 0.8695747001090512, 0.8538765779920897, 0.8546037612783999
"n", 5, 1, 3, 100, 42, "24/07/2019 16:55:52", 1563980152.41, 1.0, 18340, 18457, 18398, 0.8578516902944384, 0.8386520019504795, 0.83759104250462
"n", 5, 1, 3, 100, 43, "24/07/2019 17:00:23", 1563980423.72, 1.0, 18340, 18457, 18398, 0.873773173391494, 0.8579942569214932, 0.8592238286770301
