"h", 5, 1, 100, 1, "23/07/2019 16:17:21", 1563891441.33, 1.0, 18340, 18457, 18398, 0.5785169029443838, 0.5762583301728341, 0.5779976084356996
"i", 5, 2, 100, 1, "23/07/2019 16:17:44", 1563891464.6, 1.0, 18340, 18457, 18398, 0.5498909487459106, 0.5483556374275342, 0.5518534623328623
"j", 5, 3, 100, 1, "23/07/2019 16:18:07", 1563891487.7, 1.0, 18340, 18457, 18398, 0.5614503816793893, 0.5582705748496506, 0.5573975432112186
"k", 5, 4, 100, 1, "23/07/2019 16:18:32", 1563891512.78, 1.0, 18340, 18457, 18398, 0.5441112322791712, 0.5401744595546405, 0.5426676812697032
"l", 5, 5, 100, 1, "23/07/2019 16:19:00", 1563891540.34, 1.0, 18340, 18457, 18398, 0.3558887677208288, 0.354608007801918, 0.3560713120991412
"h", 5, 1, 100, 2, "23/07/2019 16:19:06", 1563891546.9, 1.0, 18340, 18457, 18398, 0.6447655398037078, 0.6401907135504145, 0.6426785520165236
"m", 5, 6, 100, 1, "23/07/2019 16:19:24", 1563891564.12, 1.0, 18340, 18457, 18398, 0.24334787350054526, 0.24944465514438965, 0.2456245244048266
"i", 5, 2, 100, 2, "23/07/2019 16:19:52", 1563891592.37, 1.0, 18340, 18457, 18398, 0.6563794983642312, 0.6495096711274855, 0.651701271877378
"j", 5, 3, 100, 2, "23/07/2019 16:20:40", 1563891640.14, 1.0, 18340, 18457, 18398, 0.6410577971646674, 0.6329847754239584, 0.6351233829764105
"h", 5, 1, 100, 3, "23/07/2019 16:20:50", 1563891650.38, 1.0, 18340, 18457, 18398, 0.6725736095965104, 0.6625128677466544, 0.6638221545820198
"k", 5, 4, 100, 2, "23/07/2019 16:21:25", 1563891685.36, 1.0, 18340, 18457, 18398, 0.5755725190839694, 0.5715446713983854, 0.5751712142624198
"i", 5, 2, 100, 3, "23/07/2019 16:22:02", 1563891722.47, 1.0, 18340, 18457, 18398, 0.6919847328244275, 0.6801213631684456, 0.6836069137949777
"l", 5, 5, 100, 2, "23/07/2019 16:22:17", 1563891737.6, 1.0, 18340, 18457, 18398, 0.5605779716466739, 0.5584331148073901, 0.5609848896619197
"h", 5, 1, 100, 4, "23/07/2019 16:22:39", 1563891759.05, 1.0, 18340, 18457, 18398, 0.6962377317339149, 0.6844015820555887, 0.6879008587889988
"m", 5, 6, 100, 2, "23/07/2019 16:23:12", 1563891792.12, 1.0, 18340, 18457, 18398, 0.48282442748091603, 0.4795470553177656, 0.4802695945211436
"j", 5, 3, 100, 3, "23/07/2019 16:23:14", 1563891794.81, 1.0, 18340, 18457, 18398, 0.6645038167938931, 0.6531397301836701, 0.6527883465594086
"i", 5, 2, 100, 4, "23/07/2019 16:24:08", 1563891848.33, 1.0, 18340, 18457, 18398, 0.7190839694656489, 0.7024435173646855, 0.7054571149037939
"k", 5, 4, 100, 3, "23/07/2019 16:24:20", 1563891860.79, 1.0, 18340, 18457, 18398, 0.6528898582333696, 0.6454461721839952, 0.6488205239699968
"h", 5, 1, 100, 5, "23/07/2019 16:24:22", 1563891862.61, 1.0, 18340, 18457, 18398, 0.7037077426390403, 0.6919867800834372, 0.6946407218175888
"l", 5, 5, 100, 3, "23/07/2019 16:25:32", 1563891932.31, 1.0, 18340, 18457, 18398, 0.566793893129771, 0.5600585143847863, 0.562235025546255
"j", 5, 3, 100, 4, "23/07/2019 16:25:51", 1563891951.04, 1.0, 18340, 18457, 18398, 0.6941657579062159, 0.6776832638023514, 0.6789324926622459
"h", 5, 1, 100, 6, "23/07/2019 16:26:08", 1563891968.05, 1.0, 18340, 18457, 18398, 0.7125954198473282, 0.6993010781817197, 0.702304598325905
"i", 5, 2, 100, 5, "23/07/2019 16:26:19", 1563891979.48, 1.0, 18340, 18457, 18398, 0.7518538713195202, 0.7316465297719023, 0.731383846070225
"m", 5, 6, 100, 3, "23/07/2019 16:26:49", 1563892009.99, 1.0, 18340, 18457, 18398, 0.5474372955288986, 0.5426667389066478, 0.5459289053157952
"k", 5, 4, 100, 4, "23/07/2019 16:27:15", 1563892035.95, 1.0, 18340, 18457, 18398, 0.6612322791712105, 0.6523812103808853, 0.6537667137732363
"h", 5, 1, 100, 7, "23/07/2019 16:27:53", 1563892073.5, 1.0, 18340, 18457, 18398, 0.7176117775354417, 0.7053150566180852, 0.7080660941406675
"j", 5, 3, 100, 5, "23/07/2019 16:28:23", 1563892103.46, 1.0, 18340, 18457, 18398, 0.7084514721919302, 0.6885192609849922, 0.6905098380258724
"i", 5, 2, 100, 6, "23/07/2019 16:28:31", 1563892111.48, 1.0, 18340, 18457, 18398, 0.776226826608506, 0.7534268841090102, 0.7544298293292749
"l", 5, 5, 100, 4, "23/07/2019 16:28:52", 1563892132.55, 1.0, 18340, 18457, 18398, 0.6411668484187568, 0.6319553556916075, 0.6345798456353952
"h", 5, 1, 100, 8, "23/07/2019 16:29:39", 1563892179.93, 1.0, 18340, 18457, 18398, 0.7205016357688113, 0.7062361163786097, 0.7094792912273074
"k", 5, 4, 100, 5, "23/07/2019 16:30:06", 1563892206.18, 1.0, 18340, 18457, 18398, 0.6887677208287896, 0.6725361651405971, 0.6768670507663876
"m", 5, 6, 100, 4, "23/07/2019 16:30:33", 1563892233.43, 1.0, 18340, 18457, 18398, 0.5463467829880043, 0.5412580592729046, 0.541526252853571
"i", 5, 2, 100, 7, "23/07/2019 16:30:42", 1563892242.58, 1.0, 18340, 18457, 18398, 0.793947655398037, 0.7682180202633148, 0.7687792151320796
"j", 5, 3, 100, 6, "23/07/2019 16:31:00", 1563892260.53, 1.0, 18340, 18457, 18398, 0.7472191930207197, 0.7253074714200575, 0.7245352755734319
"h", 5, 1, 100, 9, "23/07/2019 16:31:26", 1563892286.92, 1.0, 18340, 18457, 18398, 0.7177753544165758, 0.7023351573928591, 0.7043156864876617
"l", 5, 5, 100, 5, "23/07/2019 16:32:09", 1563892329.75, 1.0, 18340, 18457, 18398, 0.6661395856052345, 0.6505932708457496, 0.6535492988368301
"i", 5, 2, 100, 8, "23/07/2019 16:32:58", 1563892378.29, 1.0, 18340, 18457, 18398, 0.8072519083969466, 0.7821422766430081, 0.7823132949233612
"k", 5, 4, 100, 6, "23/07/2019 16:33:02", 1563892382.98, 1.0, 18340, 18457, 18398, 0.7146673936750273, 0.6982174784634556, 0.6993151429503207
"h", 5, 1, 100, 10, "23/07/2019 16:33:14", 1563892394.3, 1.0, 18340, 18457, 18398, 0.7286259541984733, 0.7128460746600206, 0.7148603109033591
"j", 5, 3, 100, 7, "23/07/2019 16:33:30", 1563892410.46, 1.0, 18340, 18457, 18398, 0.7667393675027263, 0.7409654873489733, 0.742798130231547
"m", 5, 6, 100, 5, "23/07/2019 16:34:24", 1563892464.54, 1.0, 18340, 18457, 18398, 0.5736641221374046, 0.5678604323562876, 0.5681595825633221
"h", 5, 1, 100, 11, "23/07/2019 16:35:07", 1563892507.35, 1.0, 18340, 18457, 18398, 0.7321155943293348, 0.7126293547163678, 0.7152407870420698
"i", 5, 2, 100, 9, "23/07/2019 16:35:09", 1563892509.3, 1.0, 18340, 18457, 18398, 0.8322791712104689, 0.8077694099799534, 0.8059028155234265
"l", 5, 5, 100, 6, "23/07/2019 16:35:41", 1563892541.99, 1.0, 18340, 18457, 18398, 0.6886586695747001, 0.6693937259576312, 0.6742580715295141
"k", 5, 4, 100, 7, "23/07/2019 16:36:05", 1563892565.27, 1.0, 18340, 18457, 18398, 0.7095419847328245, 0.69355799967492, 0.6954560278291119
"j", 5, 3, 100, 8, "23/07/2019 16:36:06", 1563892566.67, 1.0, 18340, 18457, 18398, 0.7830425299890948, 0.754185403911795, 0.7535601695836504
"h", 5, 1, 100, 12, "23/07/2019 16:37:00", 1563892620.59, 1.0, 18340, 18457, 18398, 0.7355507088331515, 0.7154467139838544, 0.7181215349494511
"i", 5, 2, 100, 10, "23/07/2019 16:37:22", 1563892642.95, 1.0, 18340, 18457, 18398, 0.8439476553980371, 0.8147586281627567, 0.8139471681704533
"m", 5, 6, 100, 6, "23/07/2019 16:38:10", 1563892690.41, 1.0, 18340, 18457, 18398, 0.5708287895310796, 0.5620631738635748, 0.563756930101098
"j", 5, 3, 100, 9, "23/07/2019 16:38:36", 1563892716.92, 1.0, 18340, 18457, 18398, 0.7988004362050164, 0.7735818388687219, 0.7726383302532884
"h", 5, 1, 100, 13, "23/07/2019 16:38:43", 1563892723.7, 1.0, 18340, 18457, 18398, 0.7413304252998909, 0.718805873110473, 0.7200239156430047
"k", 5, 4, 100, 8, "23/07/2019 16:39:02", 1563892742.79, 1.0, 18340, 18457, 18398, 0.7505997818974918, 0.7279081107438912, 0.7299162952494836
"l", 5, 5, 100, 7, "23/07/2019 16:39:05", 1563892745.56, 1.0, 18340, 18457, 18398, 0.697546346782988, 0.6788210435065287, 0.6846939884770084
"i", 5, 2, 100, 11, "23/07/2019 16:39:23", 1563892763.98, 1.0, 18340, 18457, 18398, 0.8591057797164667, 0.8296039443029745, 0.8288400913142733
"h", 5, 1, 100, 14, "23/07/2019 16:40:35", 1563892835.15, 1.0, 18340, 18457, 18398, 0.7420937840785169, 0.7196727528850843, 0.7212196977932384
"j", 5, 3, 100, 10, "23/07/2019 16:41:09", 1563892869.7, 1.0, 18340, 18457, 18398, 0.8162486368593239, 0.7840927561358834, 0.784324383085118
"i", 5, 2, 100, 12, "23/07/2019 16:41:46", 1563892906.35, 1.0, 18340, 18457, 18398, 0.8730643402399128, 0.8436907406404074, 0.8446570279378194
"m", 5, 6, 100, 7, "23/07/2019 16:41:58", 1563892918.81, 1.0, 18340, 18457, 18398, 0.6393129770992366, 0.6291379964241209, 0.6316990977280139
"k", 5, 4, 100, 9, "23/07/2019 16:42:06", 1563892926.92, 1.0, 18340, 18457, 18398, 0.760196292257361, 0.7399902476025356, 0.7418741167518208
"h", 5, 1, 100, 15, "23/07/2019 16:42:32", 1563892952.31, 1.0, 18340, 18457, 18398, 0.746782988004362, 0.7242238717017934, 0.7255136427872595
"l", 5, 5, 100, 8, "23/07/2019 16:42:38", 1563892958.18, 1.0, 18340, 18457, 18398, 0.7251363140676118, 0.704448176843474, 0.7102945972388303
"j", 5, 3, 100, 11, "23/07/2019 16:43:43", 1563893023.74, 1.0, 18340, 18457, 18398, 0.8256270447110142, 0.7916779541637319, 0.7932383954777693
"i", 5, 2, 100, 13, "23/07/2019 16:44:14", 1563893054.34, 1.0, 18340, 18457, 18398, 0.8826063249727372, 0.8532805981470445, 0.8497119252092619
"h", 5, 1, 100, 16, "23/07/2019 16:44:27", 1563893067.1, 1.0, 18340, 18457, 18398, 0.7529443838604144, 0.7276913908002384, 0.7282313294923362
"k", 5, 4, 100, 10, "23/07/2019 16:45:12", 1563893112.01, 1.0, 18340, 18457, 18398, 0.7808069792802618, 0.7559191634610175, 0.7584520056527884
"m", 5, 6, 100, 8, "23/07/2019 16:46:03", 1563893163.91, 1.0, 18340, 18457, 18398, 0.6369138495092693, 0.621715338354012, 0.6276769214045005
"l", 5, 5, 100, 9, "23/07/2019 16:46:14", 1563893174.19, 1.0, 18340, 18457, 18398, 0.7108505997818975, 0.6897654006609958, 0.6938254158060658
"h", 5, 1, 100, 17, "23/07/2019 16:46:26", 1563893186.45, 1.0, 18340, 18457, 18398, 0.7605234460196292, 0.7347347889689548, 0.734645070116317
"i", 5, 2, 100, 14, "23/07/2019 16:46:28", 1563893188.08, 1.0, 18340, 18457, 18398, 0.8917121046892039, 0.8606490762312402, 0.8593868898793348
"j", 5, 3, 100, 12, "23/07/2019 16:46:33", 1563893193.31, 1.0, 18340, 18457, 18398, 0.856979280261723, 0.8239150457820881, 0.8278073703663442
"k", 5, 4, 100, 11, "23/07/2019 16:48:07", 1563893287.46, 1.0, 18340, 18457, 18398, 0.7876226826608506, 0.7648588611366961, 0.7685618001956734
"h", 5, 1, 100, 18, "23/07/2019 16:48:13", 1563893293.74, 1.0, 18340, 18457, 18398, 0.7710468920392585, 0.7420490870672374, 0.7412218719426025
"i", 5, 2, 100, 15, "23/07/2019 16:48:50", 1563893330.28, 1.0, 18340, 18457, 18398, 0.9013631406761178, 0.8664463347239529, 0.8655832155669094
"j", 5, 3, 100, 13, "23/07/2019 16:49:10", 1563893350.63, 1.0, 18340, 18457, 18398, 0.8528353326063249, 0.8247819255566994, 0.8268290031525166
"l", 5, 5, 100, 10, "23/07/2019 16:49:47", 1563893387.59, 1.0, 18340, 18457, 18398, 0.7353871319520174, 0.7178848133499486, 0.7232851396890967
"m", 5, 6, 100, 9, "23/07/2019 16:49:54", 1563893394.84, 1.0, 18340, 18457, 18398, 0.6606870229007633, 0.6453919921980821, 0.650994673334058
"h", 5, 1, 100, 19, "23/07/2019 16:50:03", 1563893403.67, 1.0, 18340, 18457, 18398, 0.7798800436205017, 0.7511513247006556, 0.7501902380693554
"i", 5, 2, 100, 16, "23/07/2019 16:51:07", 1563893467.82, 1.0, 18340, 18457, 18398, 0.8984187568157034, 0.8662296147803001, 0.8643874334166757
"k", 5, 4, 100, 12, "23/07/2019 16:51:12", 1563893472.16, 1.0, 18340, 18457, 18398, 0.8047982551799345, 0.7825757165303137, 0.7833460158712904
"j", 5, 3, 100, 14, "23/07/2019 16:51:43", 1563893503.66, 1.0, 18340, 18457, 18398, 0.8531079607415485, 0.8281410846833179, 0.8286770301119687
"h", 5, 1, 100, 20, "23/07/2019 16:51:51", 1563893511.05, 1.0, 18340, 18457, 18398, 0.784133042529989, 0.7548355637427534, 0.7542667681269704
"l", 5, 5, 100, 11, "23/07/2019 16:53:09", 1563893589.67, 1.0, 18340, 18457, 18398, 0.7624863685932388, 0.7376605082082679, 0.7392651375149473
"i", 5, 2, 100, 17, "23/07/2019 16:53:12", 1563893592.93, 1.0, 18340, 18457, 18398, 0.909814612868048, 0.8783659316248578, 0.8785194042830743
"m", 5, 6, 100, 10, "23/07/2019 16:53:32", 1563893612.07, 1.0, 18340, 18457, 18398, 0.6786259541984733, 0.6595871485073413, 0.663332970975106
"h", 5, 1, 100, 21, "23/07/2019 16:53:39", 1563893619.32, 1.0, 18340, 18457, 18398, 0.7869138495092693, 0.7569485831933683, 0.7551907816066964
"k", 5, 4, 100, 13, "23/07/2019 16:54:05", 1563893645.62, 1.0, 18340, 18457, 18398, 0.8218647764449292, 0.7914070542341659, 0.7953581911077291
"j", 5, 3, 100, 15, "23/07/2019 16:54:08", 1563893648.51, 1.0, 18340, 18457, 18398, 0.8959105779716466, 0.8643874952592512, 0.8654745080987064
"i", 5, 2, 100, 18, "23/07/2019 16:55:20", 1563893720.22, 1.0, 18340, 18457, 18398, 0.9181025081788441, 0.8847049899767027, 0.8871616480052179
"h", 5, 1, 100, 22, "23/07/2019 16:55:22", 1563893722.34, 1.0, 18340, 18457, 18398, 0.7874045801526718, 0.7565693232919759, 0.7550277204043918
"l", 5, 5, 100, 12, "23/07/2019 16:56:27", 1563893787.91, 1.0, 18340, 18457, 18398, 0.7730643402399128, 0.7471420057430785, 0.7498641156647462
"j", 5, 3, 100, 16, "23/07/2019 16:56:41", 1563893801.5, 1.0, 18340, 18457, 18398, 0.9071428571428571, 0.87045565368153, 0.8739536906185454
"h", 5, 1, 100, 23, "23/07/2019 16:57:03", 1563893823.71, 1.0, 18340, 18457, 18398, 0.7896946564885496, 0.7601993823481605, 0.7600282639417328
"k", 5, 4, 100, 14, "23/07/2019 16:57:04", 1563893824.89, 1.0, 18340, 18457, 18398, 0.8362050163576881, 0.8105325892615268, 0.8107402978584629
"m", 5, 6, 100, 11, "23/07/2019 16:57:14", 1563893834.47, 1.0, 18340, 18457, 18398, 0.7038167938931298, 0.6822343826190606, 0.6855636482226329
"i", 5, 2, 100, 19, "23/07/2019 16:57:31", 1563893851.97, 1.0, 18340, 18457, 18398, 0.9217557251908397, 0.8913149482581134, 0.8898249809761931
"h", 5, 1, 100, 24, "23/07/2019 16:58:51", 1563893931.43, 1.0, 18340, 18457, 18398, 0.7977099236641222, 0.7648588611366961, 0.7651375149472769
"j", 5, 3, 100, 17, "23/07/2019 16:59:11", 1563893951.05, 1.0, 18340, 18457, 18398, 0.9140676117775355, 0.8833504903288725, 0.8867268181324057
"i", 5, 2, 100, 20, "23/07/2019 16:59:40", 1563893980.34, 1.0, 18340, 18457, 18398, 0.9270992366412214, 0.8911524083003738, 0.8916186542015436
"l", 5, 5, 100, 13, "23/07/2019 16:59:43", 1563893983.38, 1.0, 18340, 18457, 18398, 0.7850599781897492, 0.7601993823481605, 0.7570388085661485
"k", 5, 4, 100, 15, "23/07/2019 16:59:57", 1563893997.94, 1.0, 18340, 18457, 18398, 0.8502726281352235, 0.819634826894945, 0.8203609087944341
"h", 5, 1, 100, 25, "23/07/2019 17:00:40", 1563894040.84, 1.0, 18340, 18457, 18398, 0.7997818974918212, 0.7663217207563526, 0.7647026850744646
"m", 5, 6, 100, 12, "23/07/2019 17:01:00", 1563894060.34, 1.0, 18340, 18457, 18398, 0.704525627044711, 0.6866771414639432, 0.685672355690836
"j", 5, 3, 100, 18, "23/07/2019 17:01:43", 1563894103.51, 1.0, 18340, 18457, 18398, 0.929607415485278, 0.8995503061169204, 0.9031416458310686
"i", 5, 2, 100, 21, "23/07/2019 17:01:54", 1563894114.64, 1.0, 18340, 18457, 18398, 0.9283533260632497, 0.8919109281031586, 0.8936840960974018
"h", 5, 1, 100, 26, "23/07/2019 17:02:20", 1563894140.88, 1.0, 18340, 18457, 18398, 0.8017448200654308, 0.7642087013057377, 0.7626372431786064
"k", 5, 4, 100, 16, "23/07/2019 17:02:56", 1563894176.6, 1.0, 18340, 18457, 18398, 0.8628135223555071, 0.8296039443029745, 0.834221110990325
"l", 5, 5, 100, 14, "23/07/2019 17:03:08", 1563894188.47, 1.0, 18340, 18457, 18398, 0.8013631406761178, 0.778132957685431, 0.7782367648657462
"i", 5, 2, 100, 22, "23/07/2019 17:03:57", 1563894237.95, 1.0, 18340, 18457, 18398, 0.929989094874591, 0.9012840656661429, 0.8990651157734536
"h", 5, 1, 100, 27, "23/07/2019 17:04:00", 1563894240.91, 1.0, 18340, 18457, 18398, 0.7997273718647765, 0.7650755810803489, 0.7639417327970431
"j", 5, 3, 100, 19, "23/07/2019 17:04:12", 1563894252.77, 1.0, 18340, 18457, 18398, 0.9353326063249727, 0.9062686243701576, 0.9088487879117295
"m", 5, 6, 100, 13, "23/07/2019 17:04:35", 1563894275.11, 1.0, 18340, 18457, 18398, 0.7071973827699018, 0.6886818009427318, 0.6895314708120448
"h", 5, 1, 100, 28, "23/07/2019 17:05:41", 1563894341.54, 1.0, 18340, 18457, 18398, 0.8097055616139586, 0.7698975998266241, 0.7682356777910643
"k", 5, 4, 100, 17, "23/07/2019 17:05:47", 1563894347.92, 1.0, 18340, 18457, 18398, 0.8747001090512541, 0.8407650214010944, 0.8478095445157082
"i", 5, 2, 100, 23, "23/07/2019 17:06:03", 1563894363.6, 1.0, 18340, 18457, 18398, 0.9323336968375137, 0.9003630059056185, 0.9024350472877487
"l", 5, 5, 100, 15, "23/07/2019 17:06:20", 1563894380.02, 1.0, 18340, 18457, 18398, 0.7574154852780807, 0.7251449314623178, 0.7267094249374932
"j", 5, 3, 100, 20, "23/07/2019 17:06:40", 1563894400.66, 1.0, 18340, 18457, 18398, 0.9306979280261723, 0.9005255458633581, 0.9058049788020437
"h", 5, 1, 100, 29, "23/07/2019 17:07:21", 1563894441.69, 1.0, 18340, 18457, 18398, 0.8140676117775354, 0.775478138375684, 0.7743776497445375
"i", 5, 2, 100, 24, "23/07/2019 17:08:07", 1563894487.28, 1.0, 18340, 18457, 18398, 0.9492366412213741, 0.9138538223980062, 0.9152081748016089
"m", 5, 6, 100, 14, "23/07/2019 17:08:13", 1563894493.59, 1.0, 18340, 18457, 18398, 0.7489640130861505, 0.7238446118004009, 0.7232851396890967
"k", 5, 4, 100, 18, "23/07/2019 17:08:42", 1563894522.33, 1.0, 18340, 18457, 18398, 0.8753544165757906, 0.846237199978328, 0.8498749864115664
"h", 5, 1, 100, 30, "23/07/2019 17:09:01", 1563894541.9, 1.0, 18340, 18457, 18398, 0.8189203925845148, 0.7785663975727366, 0.7781280573975432
"j", 5, 3, 100, 21, "23/07/2019 17:09:07", 1563894547.75, 1.0, 18340, 18457, 18398, 0.9460196292257361, 0.9203012407216774, 0.9227633438417219
"l", 5, 5, 100, 16, "23/07/2019 17:09:35", 1563894575.46, 1.0, 18340, 18457, 18398, 0.8267175572519084, 0.8032182911632443, 0.8025328840091315
"i", 5, 2, 100, 25, "23/07/2019 17:10:10", 1563894610.59, 1.0, 18340, 18457, 18398, 0.95092693565976, 0.9141247223275722, 0.9135775627785628
"h", 5, 1, 100, 31, "23/07/2019 17:10:44", 1563894644.69, 1.0, 18340, 18457, 18398, 0.8241003271537622, 0.7844178360513626, 0.7830742472007827
"k", 5, 4, 100, 19, "23/07/2019 17:11:32", 1563894692.58, 1.0, 18340, 18457, 18398, 0.8918211559432934, 0.862707915695942, 0.8665072290466355
"j", 5, 3, 100, 22, "23/07/2019 17:11:36", 1563894696.4, 1.0, 18340, 18457, 18398, 0.9565976008724101, 0.9272362789185675, 0.9312968800956626
"m", 5, 6, 100, 15, "23/07/2019 17:11:50", 1563894710.44, 1.0, 18340, 18457, 18398, 0.7360959651035986, 0.7119250148994961, 0.7146972497010544
"i", 5, 2, 100, 26, "23/07/2019 17:12:14", 1563894734.1, 1.0, 18340, 18457, 18398, 0.9630861504907307, 0.9272904589044807, 0.9283617784541798
"h", 5, 1, 100, 32, "23/07/2019 17:12:21", 1563894741.8, 1.0, 18340, 18457, 18398, 0.8287895310796074, 0.7890773148398982, 0.78687900858789
"l", 5, 5, 100, 17, "23/07/2019 17:12:47", 1563894767.2, 1.0, 18340, 18457, 18398, 0.820010905125409, 0.798612992360622, 0.7945972388303076
"j", 5, 3, 100, 23, "23/07/2019 17:14:02", 1563894842.55, 1.0, 18340, 18457, 18398, 0.9494002181025082, 0.9218724603131603, 0.9242308946624633
"h", 5, 1, 100, 33, "23/07/2019 17:14:06", 1563894846.95, 1.0, 18340, 18457, 18398, 0.8394765539803708, 0.7954705531776561, 0.7956299597782368
"k", 5, 4, 100, 20, "23/07/2019 17:14:20", 1563894860.55, 1.0, 18340, 18457, 18398, 0.8959651035986914, 0.8657419949070814, 0.8636808348733558
"i", 5, 2, 100, 27, "23/07/2019 17:14:22", 1563894862.2, 1.0, 18340, 18457, 18398, 0.9621592148309706, 0.9270195589749146, 0.9299923904772258
"m", 5, 6, 100, 16, "23/07/2019 17:15:30", 1563894930.63, 1.0, 18340, 18457, 18398, 0.7600872410032715, 0.7369561683913962, 0.7394825524513534
"h", 5, 1, 100, 34, "23/07/2019 17:15:49", 1563894949.67, 1.0, 18340, 18457, 18398, 0.841330425299891, 0.7973126726987051, 0.7953038373736275
"l", 5, 5, 100, 18, "23/07/2019 17:15:58", 1563894958.29, 1.0, 18340, 18457, 18398, 0.8314067611777536, 0.8056563905293385, 0.8079139036851831
"i", 5, 2, 100, 28, "23/07/2019 17:16:24", 1563894984.29, 1.0, 18340, 18457, 18398, 0.9691930207197382, 0.9333044373408463, 0.934503750407653
"j", 5, 3, 100, 24, "23/07/2019 17:16:27", 1563894987.16, 1.0, 18340, 18457, 18398, 0.9425845147219193, 0.919109281031587, 0.9214045004891837
"k", 5, 4, 100, 21, "23/07/2019 17:17:13", 1563895033.06, 1.0, 18340, 18457, 18398, 0.9034896401308615, 0.8766863520615484, 0.8771062071964344
"h", 5, 1, 100, 35, "23/07/2019 17:17:30", 1563895050.36, 1.0, 18340, 18457, 18398, 0.8562704471101418, 0.8121579888389229, 0.8099249918469399
"i", 5, 2, 100, 29, "23/07/2019 17:18:32", 1563895112.55, 1.0, 18340, 18457, 18398, 0.9665212649945475, 0.9318415777211898, 0.930427220350038
"j", 5, 3, 100, 25, "23/07/2019 17:18:50", 1563895130.69, 1.0, 18340, 18457, 18398, 0.9647764449291167, 0.9396434956926911, 0.9416784433090554
"m", 5, 6, 100, 17, "23/07/2019 17:19:06", 1563895146.3, 1.0, 18340, 18457, 18398, 0.7823882224645583, 0.7550522836864062, 0.7585063593868899
"l", 5, 5, 100, 19, "23/07/2019 17:19:12", 1563895152.4, 1.0, 18340, 18457, 18398, 0.8367502726281352, 0.8126456087121418, 0.8111207739971736
"h", 5, 1, 100, 36, "23/07/2019 17:19:16", 1563895156.07, 1.0, 18340, 18457, 18398, 0.8671210468920393, 0.8250528254862654, 0.8206326774649418
"k", 5, 4, 100, 22, "23/07/2019 17:20:02", 1563895202.35, 1.0, 18340, 18457, 18398, 0.9151581243184297, 0.8886601289483664, 0.8856940971844766
"i", 5, 2, 100, 30, "23/07/2019 17:20:35", 1563895235.86, 1.0, 18340, 18457, 18398, 0.974700109051254, 0.9390475158476459, 0.9400478312860093
"h", 5, 1, 100, 37, "23/07/2019 17:20:59", 1563895259.06, 1.0, 18340, 18457, 18398, 0.8741003271537623, 0.8332881833450724, 0.8300902271986086
"j", 5, 3, 100, 26, "23/07/2019 17:21:23", 1563895283.62, 1.0, 18340, 18457, 18398, 0.9602508178844057, 0.9393184157772119, 0.9422763343841722
"l", 5, 5, 100, 20, "23/07/2019 17:22:20", 1563895340.79, 1.0, 18340, 18457, 18398, 0.8606324972737186, 0.8350219428942949, 0.8333514512447006
"h", 5, 1, 100, 38, "23/07/2019 17:22:36", 1563895356.32, 1.0, 18340, 18457, 18398, 0.8900763358778626, 0.8474833396543316, 0.8462332862267637
"i", 5, 2, 100, 31, "23/07/2019 17:22:37", 1563895357.42, 1.0, 18340, 18457, 18398, 0.9729007633587786, 0.9352549168337216, 0.9372214371127296
"m", 5, 6, 100, 18, "23/07/2019 17:22:42", 1563895362.3, 1.0, 18340, 18457, 18398, 0.7738276990185388, 0.7521807444330064, 0.7505707142080661
"k", 5, 4, 100, 23, "23/07/2019 17:22:45", 1563895365.29, 1.0, 18340, 18457, 18398, 0.9169574700109051, 0.8901771685539361, 0.8866181106642026
"j", 5, 3, 100, 27, "23/07/2019 17:23:52", 1563895432.88, 1.0, 18340, 18457, 18398, 0.9687568157033806, 0.9424608549601777, 0.943580824002609
"h", 5, 1, 100, 39, "23/07/2019 17:24:18", 1563895458.77, 1.0, 18340, 18457, 18398, 0.892639040348964, 0.8510592187246031, 0.849820632677465
"i", 5, 2, 100, 32, "23/07/2019 17:24:43", 1563895483.65, 1.0, 18340, 18457, 18398, 0.9794983642311886, 0.9425692149320041, 0.9451570822915534
"l", 5, 5, 100, 21, "23/07/2019 17:25:31", 1563895531.66, 1.0, 18340, 18457, 18398, 0.8601962922573609, 0.8354012027956873, 0.8353081856723557
"k", 5, 4, 100, 24, "23/07/2019 17:25:34", 1563895534.73, 1.0, 18340, 18457, 18398, 0.9187022900763359, 0.88719726932871, 0.8873247092075226
"h", 5, 1, 100, 40, "23/07/2019 17:26:00", 1563895560.76, 1.0, 18340, 18457, 18398, 0.8946019629225737, 0.8541474779216558, 0.8513968909664094
"m", 5, 6, 100, 19, "23/07/2019 17:26:14", 1563895574.56, 1.0, 18340, 18457, 18398, 0.8185932388222464, 0.787451915262502, 0.7923143819980433
"j", 5, 3, 100, 28, "23/07/2019 17:26:23", 1563895583.78, 1.0, 18340, 18457, 18398, 0.9695201744820066, 0.9430026548193098, 0.9445591912164366
"i", 5, 2, 100, 33, "23/07/2019 17:26:50", 1563895610.75, 1.0, 18340, 18457, 18398, 0.9834787350054526, 0.9469036138050604, 0.948690075008153
"h", 5, 1, 100, 41, "23/07/2019 17:27:41", 1563895661.69, 1.0, 18340, 18457, 18398, 0.9034351145038167, 0.8643874952592512, 0.8619415153821067
"k", 5, 4, 100, 25, "23/07/2019 17:28:20", 1563895700.49, 1.0, 18340, 18457, 18398, 0.9247001090512541, 0.8979249065395243, 0.8989564083052506
"l", 5, 5, 100, 22, "23/07/2019 17:28:44", 1563895724.84, 1.0, 18340, 18457, 18398, 0.8377862595419847, 0.8178468873598093, 0.816773562343733
"j", 5, 3, 100, 29, "23/07/2019 17:28:48", 1563895728.68, 1.0, 18340, 18457, 18398, 0.9597055616139586, 0.936934496397031, 0.9388520491357756
"i", 5, 2, 100, 34, "23/07/2019 17:28:58", 1563895738.63, 1.0, 18340, 18457, 18398, 0.981679389312977, 0.9474454136641924, 0.9497227959560822
"h", 5, 1, 100, 42, "23/07/2019 17:29:23", 1563895763.49, 1.0, 18340, 18457, 18398, 0.9113413304252999, 0.8726770331039714, 0.8713990651157735
"m", 5, 6, 100, 20, "23/07/2019 17:29:50", 1563895790.39, 1.0, 18340, 18457, 18398, 0.8131952017448201, 0.7841469361217966, 0.783509077073595
"i", 5, 2, 100, 35, "23/07/2019 17:30:57", 1563895857.75, 1.0, 18340, 18457, 18398, 0.9841330425299891, 0.949720973072547, 0.9506468094358083
"h", 5, 1, 100, 43, "23/07/2019 17:31:00", 1563895860.98, 1.0, 18340, 18457, 18398, 0.9138495092693566, 0.8731646529771903, 0.8721600173931949
"k", 5, 4, 100, 26, "23/07/2019 17:31:04", 1563895864.33, 1.0, 18340, 18457, 18398, 0.9284623773173392, 0.8991168662296147, 0.8983041634960321
"j", 5, 3, 100, 30, "23/07/2019 17:31:07", 1563895867.32, 1.0, 18340, 18457, 18398, 0.9751363140676118, 0.9490708132415886, 0.9505924557017067
"l", 5, 5, 100, 23, "23/07/2019 17:31:44", 1563895904.74, 1.0, 18340, 18457, 18398, 0.8704471101417667, 0.8461830199924149, 0.8440047831286009
"h", 5, 1, 100, 44, "23/07/2019 17:32:38", 1563895958.31, 1.0, 18340, 18457, 18398, 0.9201199563794984, 0.8810749309205179, 0.8804217849766279
"i", 5, 2, 100, 36, "23/07/2019 17:32:55", 1563895975.74, 1.0, 18340, 18457, 18398, 0.9865321701199564, 0.9510212927344639, 0.9548320469616263
"m", 5, 6, 100, 21, "23/07/2019 17:33:11", 1563895991.75, 1.0, 18340, 18457, 18398, 0.8173391494002181, 0.7907027144172942, 0.7943254701597999
"j", 5, 3, 100, 31, "23/07/2019 17:33:22", 1563896002.94, 1.0, 18340, 18457, 18398, 0.9772628135223556, 0.9514005526358563, 0.9536906185454941
"k", 5, 4, 100, 27, "23/07/2019 17:33:43", 1563896023.03, 1.0, 18340, 18457, 18398, 0.9298800436205016, 0.9043723248631955, 0.9051527339928253
"h", 5, 1, 100, 45, "23/07/2019 17:34:14", 1563896054.73, 1.0, 18340, 18457, 18398, 0.9189203925845147, 0.882158530638782, 0.8802587237743233
"l", 5, 5, 100, 24, "23/07/2019 17:34:46", 1563896086.21, 1.0, 18340, 18457, 18398, 0.8679389312977099, 0.8434740206967546, 0.8478638982498098
"i", 5, 2, 100, 37, "23/07/2019 17:34:52", 1563896092.72, 1.0, 18340, 18457, 18398, 0.981679389312977, 0.946795253833234, 0.9470051092510056
"j", 5, 3, 100, 32, "23/07/2019 17:35:44", 1563896144.06, 1.0, 18340, 18457, 18398, 0.9682115594329335, 0.9446280543967058, 0.946135449505381
"h", 5, 1, 100, 46, "23/07/2019 17:35:51", 1563896151.33, 1.0, 18340, 18457, 18398, 0.9242093784078517, 0.8852467898358346, 0.8838460702250245
"k", 5, 4, 100, 28, "23/07/2019 17:36:18", 1563896178.41, 1.0, 18340, 18457, 18398, 0.9423118865866957, 0.9168879016091456, 0.9130340254375475
"m", 5, 6, 100, 22, "23/07/2019 17:36:33", 1563896193.78, 1.0, 18340, 18457, 18398, 0.8473827699018539, 0.8149211681204963, 0.8145994129796718
"i", 5, 2, 100, 38, "23/07/2019 17:36:50", 1563896210.89, 1.0, 18340, 18457, 18398, 0.9876226826608506, 0.9532426721569053, 0.9550494618980324
"h", 5, 1, 100, 47, "23/07/2019 17:37:26", 1563896246.38, 1.0, 18340, 18457, 18398, 0.9251363140676118, 0.8907189684130682, 0.8889553212305685
"l", 5, 5, 100, 25, "23/07/2019 17:37:47", 1563896267.35, 1.0, 18340, 18457, 18398, 0.8832606324972737, 0.8603781763016741, 0.8599847809544515
"j", 5, 3, 100, 33, "23/07/2019 17:37:58", 1563896278.69, 1.0, 18340, 18457, 18398, 0.9829880043620501, 0.9564392913257842, 0.9580389172736167
"i", 5, 2, 100, 39, "23/07/2019 17:38:44", 1563896324.46, 1.0, 18340, 18457, 18398, 0.9900763358778626, 0.9581730508750068, 0.9585281008805305
"h", 5, 1, 100, 48, "23/07/2019 17:38:57", 1563896337.81, 1.0, 18340, 18457, 18398, 0.9218102508178844, 0.8838381102020914, 0.884715729970649
"k", 5, 4, 100, 29, "23/07/2019 17:38:57", 1563896337.98, 1.0, 18340, 18457, 18398, 0.9351145038167938, 0.9117408029473912, 0.9067833460158713
"m", 5, 6, 100, 23, "23/07/2019 17:39:49", 1563896389.64, 1.0, 18340, 18457, 18398, 0.8547982551799346, 0.8258113452890502, 0.8303619958691162
"j", 5, 3, 100, 34, "23/07/2019 17:40:10", 1563896410.26, 1.0, 18340, 18457, 18398, 0.982824427480916, 0.9567643712412635, 0.9585281008805305
"h", 5, 1, 100, 49, "23/07/2019 17:40:22", 1563896422.88, 1.0, 18340, 18457, 18398, 0.9283533260632497, 0.8919651080890719, 0.891455592999239
"i", 5, 2, 100, 40, "23/07/2019 17:40:32", 1563896432.88, 1.0, 18340, 18457, 18398, 0.9938386041439476, 0.9605569702551877, 0.9620610935971301
"l", 5, 5, 100, 26, "23/07/2019 17:40:35", 1563896435.78, 1.0, 18340, 18457, 18398, 0.8769901853871319, 0.848892019288075, 0.8479726057180128
"k", 5, 4, 100, 30, "23/07/2019 17:41:26", 1563896486.62, 1.0, 18340, 18457, 18398, 0.9387131952017448, 0.9167795416373192, 0.9140667463854767
"h", 5, 1, 100, 50, "23/07/2019 17:41:56", 1563896516.52, 1.0, 18340, 18457, 18398, 0.9274263904034896, 0.8910982283144606, 0.8901511033808023
"j", 5, 3, 100, 35, "23/07/2019 17:42:18", 1563896538.83, 1.0, 18340, 18457, 18398, 0.966412213740458, 0.941214715284174, 0.9415697358408522
"i", 5, 2, 100, 41, "23/07/2019 17:42:22", 1563896542.71, 1.0, 18340, 18457, 18398, 0.98206106870229, 0.9448989543262719, 0.9484726600717469
"m", 5, 6, 100, 24, "23/07/2019 17:42:55", 1563896575.82, 1.0, 18340, 18457, 18398, 0.8456379498364232, 0.8167632876415453, 0.820958799869551
"l", 5, 5, 100, 27, "23/07/2019 17:43:20", 1563896600.77, 1.0, 18340, 18457, 18398, 0.8910577971646674, 0.8683968142168283, 0.8691705620176106
"h", 5, 1, 100, 51, "23/07/2019 17:43:25", 1563896605.94, 1.0, 18340, 18457, 18398, 0.9173391494002181, 0.878149211681205, 0.8778671594738559
"k", 5, 4, 100, 31, "23/07/2019 17:43:52", 1563896632.53, 1.0, 18340, 18457, 18398, 0.9465648854961832, 0.9226309801159451, 0.9216762691596913
"i", 5, 2, 100, 42, "23/07/2019 17:44:06", 1563896646.99, 1.0, 18340, 18457, 18398, 0.992257360959651, 0.9599609904101425, 0.9621154473312317
"j", 5, 3, 100, 36, "23/07/2019 17:44:23", 1563896663.5, 1.0, 18340, 18457, 18398, 0.9803707742639041, 0.9554640515793466, 0.9599956517012719
"h", 5, 1, 100, 52, "23/07/2019 17:44:53", 1563896693.46, 1.0, 18340, 18457, 18398, 0.9308615049073065, 0.893861407596034, 0.893792803565605
"i", 5, 2, 100, 43, "23/07/2019 17:45:54", 1563896754.73, 1.0, 18340, 18457, 18398, 0.9942748091603053, 0.9609904101424933, 0.9629307533427547
"m", 5, 6, 100, 25, "23/07/2019 17:45:59", 1563896759.57, 1.0, 18340, 18457, 18398, 0.8715376226826609, 0.8429864008235358, 0.8459615175562561
"l", 5, 5, 100, 28, "23/07/2019 17:46:04", 1563896764.21, 1.0, 18340, 18457, 18398, 0.8737186477644493, 0.8517093785555616, 0.8514512447005109
"h", 5, 1, 100, 53, "23/07/2019 17:46:19", 1563896779.18, 1.0, 18340, 18457, 18398, 0.9328789531079608, 0.8941864875115132, 0.8940645722361126
"k", 5, 4, 100, 32, "23/07/2019 17:46:19", 1563896779.71, 1.0, 18340, 18457, 18398, 0.9470010905125409, 0.920192880749851, 0.9194477660615284
"j", 5, 3, 100, 37, "23/07/2019 17:46:29", 1563896789.96, 1.0, 18340, 18457, 18398, 0.9800436205016357, 0.9524841523541204, 0.9541254484183064
"i", 5, 2, 100, 44, "23/07/2019 17:47:43", 1563896863.32, 1.0, 18340, 18457, 18398, 0.9956924754634678, 0.9632659695508479, 0.9640721817588869
"h", 5, 1, 100, 54, "23/07/2019 17:47:50", 1563896870.65, 1.0, 18340, 18457, 18398, 0.9336968375136314, 0.8942948474833396, 0.8941189259702141
"j", 5, 3, 100, 38, "23/07/2019 17:48:39", 1563896919.52, 1.0, 18340, 18457, 18398, 0.9846782988004362, 0.9562767513680447, 0.9584193934123274
"k", 5, 4, 100, 33, "23/07/2019 17:48:48", 1563896928.34, 1.0, 18340, 18457, 18398, 0.954143947655398, 0.9281573386790919, 0.9287422545928905
"l", 5, 5, 100, 29, "23/07/2019 17:48:48", 1563896928.95, 1.0, 18340, 18457, 18398, 0.8946019629225737, 0.8734897328926694, 0.8718882487226872
"m", 5, 6, 100, 26, "23/07/2019 17:49:05", 1563896945.47, 1.0, 18340, 18457, 18398, 0.8652671755725191, 0.8397897816546568, 0.8447657354060224
"h", 5, 1, 100, 55, "23/07/2019 17:49:19", 1563896959.26, 1.0, 18340, 18457, 18398, 0.933206106870229, 0.8951075472720377, 0.8949885857158387
"i", 5, 2, 100, 45, "23/07/2019 17:49:28", 1563896968.93, 1.0, 18340, 18457, 18398, 0.9946564885496183, 0.9600151703960557, 0.9616806174584194
"h", 5, 1, 100, 56, "23/07/2019 17:50:48", 1563897048.71, 1.0, 18340, 18457, 18398, 0.9350599781897492, 0.8977623665817847, 0.8969453201434938
"j", 5, 3, 100, 39, "23/07/2019 17:50:50", 1563897050.61, 1.0, 18340, 18457, 18398, 0.9821701199563795, 0.9582814108468332, 0.9602674203717796
"i", 5, 2, 100, 46, "23/07/2019 17:51:10", 1563897070.46, 1.0, 18340, 18457, 18398, 0.9953653217011995, 0.9606653302270142, 0.9622241547994347
"k", 5, 4, 100, 34, "23/07/2019 17:51:12", 1563897072.64, 1.0, 18340, 18457, 18398, 0.9543075245365321, 0.9278864387495259, 0.9289053157951951
"l", 5, 5, 100, 30, "23/07/2019 17:51:30", 1563897090.79, 1.0, 18340, 18457, 18398, 0.8964558342420937, 0.8737606328222355, 0.8728122622024133
"m", 5, 6, 100, 27, "23/07/2019 17:52:01", 1563897121.03, 1.0, 18340, 18457, 18398, 0.8835332606324973, 0.8583193368369724, 0.8610175019023807
"h", 5, 1, 100, 57, "23/07/2019 17:52:05", 1563897125.85, 1.0, 18340, 18457, 18398, 0.9371319520174483, 0.9008506257788373, 0.9009131427329058
"j", 5, 3, 100, 40, "23/07/2019 17:52:47", 1563897167.74, 1.0, 18340, 18457, 18398, 0.9815703380588877, 0.9590941106355312, 0.9594521143602566
"i", 5, 2, 100, 47, "23/07/2019 17:52:49", 1563897169.04, 1.0, 18340, 18457, 18398, 0.9948745910577972, 0.9594733705369236, 0.9613001413197086
"h", 5, 1, 100, 58, "23/07/2019 17:53:25", 1563897205.3, 1.0, 18340, 18457, 18398, 0.9378953107960741, 0.9019342254971013, 0.9011305576693118
"k", 5, 4, 100, 35, "23/07/2019 17:53:25", 1563897205.67, 1.0, 18340, 18457, 18398, 0.9536532170119957, 0.9283198786368315, 0.9270029351016414
"l", 5, 5, 100, 31, "23/07/2019 17:54:01", 1563897241.55, 1.0, 18340, 18457, 18398, 0.9077971646673937, 0.8803705911036463, 0.8807479073812371
"i", 5, 2, 100, 48, "23/07/2019 17:54:28", 1563897268.84, 1.0, 18340, 18457, 18398, 0.9940021810250818, 0.9579021509454407, 0.9594521143602566
"j", 5, 3, 100, 41, "23/07/2019 17:54:45", 1563897285.2, 1.0, 18340, 18457, 18398, 0.9807524536532171, 0.9545971718047354, 0.9577127948690075
"h", 5, 1, 100, 59, "23/07/2019 17:54:46", 1563897286.39, 1.0, 18340, 18457, 18398, 0.9431842966194112, 0.9062686243701576, 0.9056962713338407
"m", 5, 6, 100, 28, "23/07/2019 17:54:55", 1563897295.03, 1.0, 18340, 18457, 18398, 0.8925845147219194, 0.8631413555832476, 0.8659093379715186
"k", 5, 4, 100, 36, "23/07/2019 17:55:38", 1563897338.08, 1.0, 18340, 18457, 18398, 0.9441657579062159, 0.9179173213414965, 0.9223285139689097
"i", 5, 2, 100, 49, "23/07/2019 17:56:03", 1563897363.56, 1.0, 18340, 18457, 18398, 0.9961832061068703, 0.9607195102129273, 0.9622785085335362
"h", 5, 1, 100, 60, "23/07/2019 17:56:10", 1563897370.63, 1.0, 18340, 18457, 18398, 0.9432388222464558, 0.9062686243701576, 0.9065659310794651
"l", 5, 5, 100, 32, "23/07/2019 17:56:34", 1563897394.03, 1.0, 18340, 18457, 18398, 0.8974372955288986, 0.8705098336674433, 0.874008044352647
"j", 5, 3, 100, 42, "23/07/2019 17:56:44", 1563897404.64, 1.0, 18340, 18457, 18398, 0.9834242093784078, 0.9589315706777917, 0.960321774105881
"h", 5, 1, 100, 61, "23/07/2019 17:57:28", 1563897448.33, 1.0, 18340, 18457, 18398, 0.9438931297709924, 0.9074064040743349, 0.9059136862702468
"i", 5, 2, 100, 50, "23/07/2019 17:57:38", 1563897458.14, 1.0, 18340, 18457, 18398, 0.9965648854961832, 0.9618031099311914, 0.9623328622676378
"m", 5, 6, 100, 29, "23/07/2019 17:57:42", 1563897462.4, 1.0, 18340, 18457, 18398, 0.8929661941112322, 0.8660128948366473, 0.8693879769540167
"k", 5, 4, 100, 37, "23/07/2019 17:57:51", 1563897471.28, 1.0, 18340, 18457, 18398, 0.9564340239912759, 0.9304328980874464, 0.9312968800956626
"j", 5, 3, 100, 43, "23/07/2019 17:58:41", 1563897521.56, 1.0, 18340, 18457, 18398, 0.9878407851690294, 0.9626699897058026, 0.9649418415045113
"h", 5, 1, 100, 62, "23/07/2019 17:58:51", 1563897531.34, 1.0, 18340, 18457, 18398, 0.9448200654307525, 0.907948203933467, 0.9084683117730188
"l", 5, 5, 100, 33, "23/07/2019 17:59:11", 1563897551.92, 1.0, 18340, 18457, 18398, 0.9094874591057798, 0.8873056293005364, 0.8821067507337754
"i", 5, 2, 100, 51, "23/07/2019 17:59:17", 1563897557.37, 1.0, 18340, 18457, 18398, 0.995474372955289, 0.9621823698325839, 0.9634199369496684
"k", 5, 4, 100, 38, "23/07/2019 18:00:07", 1563897607.6, 1.0, 18340, 18457, 18398, 0.956052344601963, 0.9313539578479709, 0.9310794651592564
"h", 5, 1, 100, 63, "23/07/2019 18:00:13", 1563897613.46, 1.0, 18340, 18457, 18398, 0.9786259541984733, 0.9410521753264344, 0.94184150451136
"m", 5, 6, 100, 30, "23/07/2019 18:00:34", 1563897634.56, 1.0, 18340, 18457, 18398, 0.8935659760087241, 0.8656336349352549, 0.8663441678443309
"j", 5, 3, 100, 44, "23/07/2019 18:00:36", 1563897636.98, 1.0, 18340, 18457, 18398, 0.9854961832061069, 0.9612613100720594, 0.9640178280247853
"i", 5, 2, 100, 52, "23/07/2019 18:01:01", 1563897661.68, 1.0, 18340, 18457, 18398, 0.9972737186477645, 0.9642953892831988, 0.9649961952386129
"h", 5, 1, 100, 64, "23/07/2019 18:01:32", 1563897692.9, 1.0, 18340, 18457, 18398, 0.984896401308615, 0.9481497534810641, 0.9464615719099903
"l", 5, 5, 100, 34, "23/07/2019 18:01:44", 1563897704.97, 1.0, 18340, 18457, 18398, 0.9076335877862596, 0.8890935688356721, 0.8883030764213502
"k", 5, 4, 100, 39, "23/07/2019 18:02:22", 1563897742.13, 1.0, 18340, 18457, 18398, 0.9500545256270447, 0.9253399794116054, 0.9243396021306663
"j", 5, 3, 100, 45, "23/07/2019 18:02:32", 1563897752.15, 1.0, 18340, 18457, 18398, 0.9866957470010905, 0.9640244893536327, 0.9621698010653332
"i", 5, 2, 100, 53, "23/07/2019 18:02:42", 1563897762.02, 1.0, 18340, 18457, 18398, 0.9986913849509269, 0.9640244893536327, 0.9648874877704098
"h", 5, 1, 100, 65, "23/07/2019 18:02:54", 1563897774.36, 1.0, 18340, 18457, 18398, 0.9846782988004362, 0.9479872135233245, 0.9465159256440917
"m", 5, 6, 100, 31, "23/07/2019 18:03:23", 1563897803.64, 1.0, 18340, 18457, 18398, 0.8622137404580152, 0.8441783605136263, 0.8468311773018806
"h", 5, 1, 100, 66, "23/07/2019 18:04:14", 1563897854.74, 1.0, 18340, 18457, 18398, 0.986423118865867, 0.9498293330443734, 0.9488531362104576
"l", 5, 5, 100, 35, "23/07/2019 18:04:16", 1563897856.22, 1.0, 18340, 18457, 18398, 0.8959651035986914, 0.8720810532589262, 0.8765083161213175
"i", 5, 2, 100, 54, "23/07/2019 18:04:20", 1563897860.39, 1.0, 18340, 18457, 18398, 0.989803707742639, 0.9594733705369236, 0.9595064680943581
"j", 5, 3, 100, 46, "23/07/2019 18:04:31", 1563897871.78, 1.0, 18340, 18457, 18398, 0.9809705561613958, 0.9576854310017879, 0.9586368083487335
"k", 5, 4, 100, 40, "23/07/2019 18:04:34", 1563897874.53, 1.0, 18340, 18457, 18398, 0.9554525627044711, 0.9283740586227448, 0.9293944994021089
"h", 5, 1, 100, 67, "23/07/2019 18:05:37", 1563897937.12, 1.0, 18340, 18457, 18398, 0.9830425299890949, 0.946253453974102, 0.9457006196325688
"i", 5, 2, 100, 55, "23/07/2019 18:05:57", 1563897957.07, 1.0, 18340, 18457, 18398, 0.9970556161395856, 0.9629950696212819, 0.9636917056201761
"m", 5, 6, 100, 32, "23/07/2019 18:06:17", 1563897977.45, 1.0, 18340, 18457, 18398, 0.8991821155943294, 0.8728937530476242, 0.8784650505489727
"j", 5, 3, 100, 47, "23/07/2019 18:06:30", 1563897990.56, 1.0, 18340, 18457, 18398, 0.9940567066521265, 0.9715013274096549, 0.9717904120013044
"k", 5, 4, 100, 41, "23/07/2019 18:06:46", 1563898006.33, 1.0, 18340, 18457, 18398, 0.9573064340239913, 0.9346589369886764, 0.9350472877486683
"l", 5, 5, 100, 36, "23/07/2019 18:06:47", 1563898007.66, 1.0, 18340, 18457, 18398, 0.9203380588876772, 0.8946741073847321, 0.8940102185020111
"h", 5, 1, 100, 68, "23/07/2019 18:06:57", 1563898017.73, 1.0, 18340, 18457, 18398, 0.9868593238822246, 0.9512380126781167, 0.9496684422219807
"i", 5, 2, 100, 56, "23/07/2019 18:07:36", 1563898056.96, 1.0, 18340, 18457, 18398, 0.9961286804798255, 0.9641328493254592, 0.9628220458745516
"h", 5, 1, 100, 69, "23/07/2019 18:08:19", 1563898099.27, 1.0, 18340, 18457, 18398, 0.9884405670665213, 0.9523216123963808, 0.9510816393086206
"j", 5, 3, 100, 48, "23/07/2019 18:08:30", 1563898110.05, 1.0, 18340, 18457, 18398, 0.9925845147219193, 0.9697675678604324, 0.9707033373192738
"k", 5, 4, 100, 42, "23/07/2019 18:09:00", 1563898140.36, 1.0, 18340, 18457, 18398, 0.9562159214830971, 0.9356341767351141, 0.9341776280030438
"m", 5, 6, 100, 33, "23/07/2019 18:09:06", 1563898146.67, 1.0, 18340, 18457, 18398, 0.9091057797164668, 0.8843257300753102, 0.8868355256006087
"i", 5, 2, 100, 57, "23/07/2019 18:09:17", 1563898157.77, 1.0, 18340, 18457, 18398, 0.9982551799345692, 0.9655957089451157, 0.965920208718339
"l", 5, 5, 100, 37, "23/07/2019 18:09:23", 1563898163.45, 1.0, 18340, 18457, 18398, 0.9096510359869139, 0.8873598092864495, 0.8860202195890857
"h", 5, 1, 100, 70, "23/07/2019 18:09:41", 1563898181.8, 1.0, 18340, 18457, 18398, 0.9889312977099237, 0.9516714525654223, 0.9494510272855745
"j", 5, 3, 100, 49, "23/07/2019 18:10:28", 1563898228.76, 1.0, 18340, 18457, 18398, 0.9869683751363141, 0.9634826894945008, 0.9627133384063485
"i", 5, 2, 100, 58, "23/07/2019 18:10:56", 1563898256.25, 1.0, 18340, 18457, 18398, 0.9958015267175573, 0.9615863899875386, 0.9631481682791608
"h", 5, 1, 100, 71, "23/07/2019 18:11:02", 1563898262.21, 1.0, 18340, 18457, 18398, 0.9882224645583424, 0.9538386520019505, 0.9517338841178389
"k", 5, 4, 100, 43, "23/07/2019 18:11:16", 1563898276.1, 1.0, 18340, 18457, 18398, 0.9615594329334788, 0.9385057159885138, 0.9405370148929232
"l", 5, 5, 100, 38, "23/07/2019 18:11:51", 1563898311.8, 1.0, 18340, 18457, 18398, 0.9372955288985824, 0.9131494825811345, 0.9115121208827046
"m", 5, 6, 100, 34, "23/07/2019 18:12:03", 1563898323.1, 1.0, 18340, 18457, 18398, 0.8869138495092693, 0.8625453757382023, 0.8637895423415589
"h", 5, 1, 100, 72, "23/07/2019 18:12:24", 1563898344.6, 1.0, 18340, 18457, 18398, 0.9880588876772083, 0.9537844720160372, 0.9531470812044788
"j", 5, 3, 100, 50, "23/07/2019 18:12:27", 1563898347.08, 1.0, 18340, 18457, 18398, 0.9908942202835332, 0.968358888226689, 0.9690183715621263
"i", 5, 2, 100, 59, "23/07/2019 18:12:34", 1563898354.85, 1.0, 18340, 18457, 18398, 0.995092693565976, 0.9619656498889311, 0.9621698010653332
"k", 5, 4, 100, 44, "23/07/2019 18:13:32", 1563898412.25, 1.0, 18340, 18457, 18398, 0.9565430752453653, 0.9343880370591103, 0.9341232742689423
"h", 5, 1, 100, 73, "23/07/2019 18:13:47", 1563898427.2, 1.0, 18340, 18457, 18398, 0.9906215921483097, 0.9554640515793466, 0.9537993260136971
"i", 5, 2, 100, 60, "23/07/2019 18:14:14", 1563898454.54, 1.0, 18340, 18457, 18398, 0.9992911668484188, 0.9674378284661646, 0.9674421132731819
"j", 5, 3, 100, 51, "23/07/2019 18:14:21", 1563898461.2, 1.0, 18340, 18457, 18398, 0.990948745910578, 0.9674920084520778, 0.9681487118165018
"l", 5, 5, 100, 39, "23/07/2019 18:14:26", 1563898466.69, 1.0, 18340, 18457, 18398, 0.9225190839694657, 0.8936988676382944, 0.8944450483748233
"m", 5, 6, 100, 35, "23/07/2019 18:14:51", 1563898491.57, 1.0, 18340, 18457, 18398, 0.9030534351145039, 0.8814000108359972, 0.8832481791499076
"h", 5, 1, 100, 74, "23/07/2019 18:15:09", 1563898509.46, 1.0, 18340, 18457, 18398, 0.9902944383860415, 0.9563309313539579, 0.9552668768344386
"k", 5, 4, 100, 45, "23/07/2019 18:15:49", 1563898549.3, 1.0, 18340, 18457, 18398, 0.957742639040349, 0.9367177764533782, 0.9336340906620285
"i", 5, 2, 100, 61, "23/07/2019 18:15:55", 1563898555.39, 1.0, 18340, 18457, 18398, 0.9970556161395856, 0.9637535894240667, 0.9638547668224807
"j", 5, 3, 100, 52, "23/07/2019 18:16:20", 1563898580.59, 1.0, 18340, 18457, 18398, 0.9951472191930207, 0.9705802676491304, 0.9728231329492336
"h", 5, 1, 100, 75, "23/07/2019 18:16:31", 1563898591.8, 1.0, 18340, 18457, 18398, 0.9906761177753545, 0.955030611692041, 0.9544515708229155
"l", 5, 5, 100, 40, "23/07/2019 18:16:56", 1563898616.97, 1.0, 18340, 18457, 18398, 0.9259541984732824, 0.8990626862437016, 0.9024350472877487
"i", 5, 2, 100, 62, "23/07/2019 18:17:32", 1563898652.54, 1.0, 18340, 18457, 18398, 0.9984732824427481, 0.9658124288887685, 0.9652679639091205
"m", 5, 6, 100, 36, "23/07/2019 18:17:43", 1563898663.24, 1.0, 18340, 18457, 18398, 0.9177753544165758, 0.8896895486807174, 0.890531579519513
"h", 5, 1, 100, 76, "23/07/2019 18:17:51", 1563898671.04, 1.0, 18340, 18457, 18398, 0.9916575790621592, 0.9571436311426559, 0.9558647679095554
"k", 5, 4, 100, 46, "23/07/2019 18:18:01", 1563898681.41, 1.0, 18340, 18457, 18398, 0.9603598691384951, 0.9393725957631252, 0.9362974236330036
"j", 5, 3, 100, 53, "23/07/2019 18:18:13", 1563898693.21, 1.0, 18340, 18457, 18398, 0.9907851690294438, 0.9667876686352062, 0.9690727252962279
"i", 5, 2, 100, 63, "23/07/2019 18:19:10", 1563898750.33, 1.0, 18340, 18457, 18398, 0.9985278080697928, 0.9653248090155496, 0.9669529296662681
"h", 5, 1, 100, 77, "23/07/2019 18:19:13", 1563898754.0, 1.0, 18340, 18457, 18398, 0.9920392584514722, 0.9575770710299615, 0.9571692575279922
"l", 5, 5, 100, 41, "23/07/2019 18:19:31", 1563898771.57, 1.0, 18340, 18457, 18398, 0.93113413304253, 0.9057268245110256, 0.9051527339928253
"j", 5, 3, 100, 54, "23/07/2019 18:20:10", 1563898810.41, 1.0, 18340, 18457, 18398, 0.9908942202835332, 0.9692257680013003, 0.9689096640939232
"k", 5, 4, 100, 47, "23/07/2019 18:20:19", 1563898819.46, 1.0, 18340, 18457, 18398, 0.9543075245365321, 0.9305412580592729, 0.9291770844657028
"h", 5, 1, 100, 78, "23/07/2019 18:20:33", 1563898833.03, 1.0, 18340, 18457, 18398, 0.9914394765539803, 0.9578479709595276, 0.956951842591586
"m", 5, 6, 100, 37, "23/07/2019 18:20:35", 1563898835.31, 1.0, 18340, 18457, 18398, 0.9274809160305344, 0.9022593054125806, 0.9027611696923579
"i", 5, 2, 100, 64, "23/07/2019 18:20:51", 1563898851.82, 1.0, 18340, 18457, 18398, 0.9980916030534351, 0.966733488649293, 0.966844222198065
"h", 5, 1, 100, 79, "23/07/2019 18:21:55", 1563898915.42, 1.0, 18340, 18457, 18398, 0.9919302071973828, 0.9569810911849163, 0.9547776932275247
"l", 5, 5, 100, 42, "23/07/2019 18:22:02", 1563898922.66, 1.0, 18340, 18457, 18398, 0.9384405670665212, 0.9139080023839193, 0.9159147733449288
"j", 5, 3, 100, 55, "23/07/2019 18:22:10", 1563898930.43, 1.0, 18340, 18457, 18398, 0.9922028353326063, 0.9684130682126023, 0.9707033373192738
"i", 5, 2, 100, 65, "23/07/2019 18:22:30", 1563898950.34, 1.0, 18340, 18457, 18398, 0.9976553980370775, 0.9659207888605948, 0.9653766713773236
"k", 5, 4, 100, 48, "23/07/2019 18:22:31", 1563898951.75, 1.0, 18340, 18457, 18398, 0.9634133042529989, 0.9406729154250419, 0.939504293944994
"h", 5, 1, 100, 80, "23/07/2019 18:23:18", 1563898998.59, 1.0, 18340, 18457, 18398, 0.9925845147219193, 0.9599609904101425, 0.957658441134906
"m", 5, 6, 100, 38, "23/07/2019 18:23:29", 1563899009.55, 1.0, 18340, 18457, 18398, 0.9196837513631406, 0.8887684889201929, 0.8893357973692793
"j", 5, 3, 100, 56, "23/07/2019 18:24:05", 1563899045.44, 1.0, 18340, 18457, 18398, 0.9962922573609596, 0.9736143468602698, 0.9734210240243505
"i", 5, 2, 100, 66, "23/07/2019 18:24:13", 1563899053.37, 1.0, 18340, 18457, 18398, 0.997928026172301, 0.967004388578859, 0.9674421132731819
"h", 5, 1, 100, 81, "23/07/2019 18:24:36", 1563899076.25, 1.0, 18340, 18457, 18398, 0.9926935659760088, 0.9584439508045728, 0.9565713664528753
"l", 5, 5, 100, 43, "23/07/2019 18:24:36", 1563899076.79, 1.0, 18340, 18457, 18398, 0.9416575790621592, 0.9131494825811345, 0.9152625285357104
"k", 5, 4, 100, 49, "23/07/2019 18:24:48", 1563899088.18, 1.0, 18340, 18457, 18398, 0.9579062159214831, 0.9365552364956385, 0.9321665398412871
"i", 5, 2, 100, 67, "23/07/2019 18:25:52", 1563899152.87, 1.0, 18340, 18457, 18398, 0.998854961832061, 0.967546188437991, 0.9677138819436896
"h", 5, 1, 100, 82, "23/07/2019 18:25:58", 1563899158.51, 1.0, 18340, 18457, 18398, 0.9917666303162487, 0.9588232107059652, 0.9570605500597891
"j", 5, 3, 100, 57, "23/07/2019 18:26:02", 1563899162.76, 1.0, 18340, 18457, 18398, 0.9852235550708833, 0.9636452294522403, 0.9640721817588869
"m", 5, 6, 100, 39, "23/07/2019 18:26:18", 1563899178.64, 1.0, 18340, 18457, 18398, 0.9310796074154852, 0.9053475646096332, 0.9077617132296989
"k", 5, 4, 100, 50, "23/07/2019 18:27:03", 1563899223.83, 1.0, 18340, 18457, 18398, 0.9488004362050163, 0.9298910982283145, 0.9281443635177736
"l", 5, 5, 100, 44, "23/07/2019 18:27:10", 1563899230.14, 1.0, 18340, 18457, 18398, 0.9498364231188658, 0.9248523595383865, 0.9242852483965649
"h", 5, 1, 100, 83, "23/07/2019 18:27:18", 1563899238.05, 1.0, 18340, 18457, 18398, 0.9932388222464559, 0.9591482906214445, 0.9579845635395151
"i", 5, 2, 100, 68, "23/07/2019 18:27:34", 1563899254.42, 1.0, 18340, 18457, 18398, 0.9901308615049073, 0.9544888118329089, 0.9559734753777585
"j", 5, 3, 100, 58, "23/07/2019 18:28:02", 1563899282.01, 1.0, 18340, 18457, 18398, 0.9935114503816794, 0.9736143468602698, 0.9734210240243505
"h", 5, 1, 100, 84, "23/07/2019 18:28:42", 1563899322.08, 1.0, 18340, 18457, 18398, 0.9925299890948746, 0.9569810911849163, 0.9564626589846722
"m", 5, 6, 100, 40, "23/07/2019 18:29:11", 1563899351.21, 1.0, 18340, 18457, 18398, 0.9368593238822246, 0.9095194235249499, 0.9115664746168062
"i", 5, 2, 100, 69, "23/07/2019 18:29:11", 1563899351.91, 1.0, 18340, 18457, 18398, 0.9980370774263904, 0.9668960286070326, 0.9661376236547451
"k", 5, 4, 100, 51, "23/07/2019 18:29:23", 1563899363.18, 1.0, 18340, 18457, 18398, 0.9612322791712105, 0.9420815950587853, 0.9387976954016741
"l", 5, 5, 100, 45, "23/07/2019 18:29:44", 1563899384.22, 1.0, 18340, 18457, 18398, 0.9334787350054525, 0.9106572032291271, 0.906348516143059
"j", 5, 3, 100, 59, "23/07/2019 18:29:57", 1563899397.97, 1.0, 18340, 18457, 18398, 0.9947110141766631, 0.973668526846183, 0.9733666702902489
"h", 5, 1, 100, 85, "23/07/2019 18:30:03", 1563899403.23, 1.0, 18340, 18457, 18398, 0.9911668484187568, 0.95822723086092, 0.9558104141754539
"i", 5, 2, 100, 70, "23/07/2019 18:30:48", 1563899448.3, 1.0, 18340, 18457, 18398, 0.999236641221374, 0.967817088367557, 0.9665724535275574
"h", 5, 1, 100, 86, "23/07/2019 18:31:24", 1563899484.46, 1.0, 18340, 18457, 18398, 0.9927480916030534, 0.9588773906918784, 0.9581476247418198
"k", 5, 4, 100, 52, "23/07/2019 18:31:40", 1563899500.83, 1.0, 18340, 18457, 18398, 0.960741548527808, 0.940402015495476, 0.9398304163496032
"j", 5, 3, 100, 60, "23/07/2019 18:31:56", 1563899516.78, 1.0, 18340, 18457, 18398, 0.9952017448200654, 0.9723682071842661, 0.9724970105446245
"m", 5, 6, 100, 41, "23/07/2019 18:32:02", 1563899522.03, 1.0, 18340, 18457, 18398, 0.9461832061068702, 0.9193260009752398, 0.9223285139689097
"l", 5, 5, 100, 46, "23/07/2019 18:32:14", 1563899534.36, 1.0, 18340, 18457, 18398, 0.9397491821155943, 0.9115782629896516, 0.9143385150559843
"i", 5, 2, 100, 71, "23/07/2019 18:32:29", 1563899549.72, 1.0, 18340, 18457, 18398, 0.9990730643402399, 0.9669502085929458, 0.9669529296662681
"h", 5, 1, 100, 87, "23/07/2019 18:32:44", 1563899564.17, 1.0, 18340, 18457, 18398, 0.9932933478735005, 0.958498130790486, 0.9580389172736167
"j", 5, 3, 100, 61, "23/07/2019 18:33:49", 1563899629.85, 1.0, 18340, 18457, 18398, 0.9833696837513631, 0.9619656498889311, 0.9623872160017393
"k", 5, 4, 100, 53, "23/07/2019 18:33:51", 1563899631.65, 1.0, 18340, 18457, 18398, 0.96226826608506, 0.9404561954813891, 0.9421676269159691
"h", 5, 1, 100, 88, "23/07/2019 18:33:59", 1563899639.24, 1.0, 18340, 18457, 18398, 0.9895856052344602, 0.9557891314948258, 0.9534188498749864
"i", 5, 2, 100, 72, "23/07/2019 18:34:01", 1563899641.05, 1.0, 18340, 18457, 18398, 0.9953653217011995, 0.9609362301565801, 0.9611914338515056
"l", 5, 5, 100, 47, "23/07/2019 18:34:38", 1563899678.63, 1.0, 18340, 18457, 18398, 0.9402399127589968, 0.9096277834967763, 0.9152625285357104
"m", 5, 6, 100, 42, "23/07/2019 18:34:41", 1563899681.71, 1.0, 18340, 18457, 18398, 0.9119411123227917, 0.8887684889201929, 0.8874877704098272
"h", 5, 1, 100, 89, "23/07/2019 18:35:15", 1563899715.52, 1.0, 18340, 18457, 18398, 0.9928571428571429, 0.9599609904101425, 0.9580389172736167
"i", 5, 2, 100, 73, "23/07/2019 18:35:31", 1563899731.38, 1.0, 18340, 18457, 18398, 0.9990730643402399, 0.9677629083816438, 0.9673334058049788
"j", 5, 3, 100, 62, "23/07/2019 18:35:33", 1563899733.38, 1.0, 18340, 18457, 18398, 0.9919847328244275, 0.970201007747738, 0.9708120447874768
"k", 5, 4, 100, 54, "23/07/2019 18:35:53", 1563899753.09, 1.0, 18340, 18457, 18398, 0.9633587786259542, 0.945224034241751, 0.944504837482335
"h", 5, 1, 100, 90, "23/07/2019 18:36:28", 1563899788.15, 1.0, 18340, 18457, 18398, 0.9920392584514722, 0.9573603510863087, 0.9572236112620937
"i", 5, 2, 100, 74, "23/07/2019 18:36:57", 1563899817.47, 1.0, 18340, 18457, 18398, 0.9982006543075246, 0.9658124288887685, 0.9649961952386129
"l", 5, 5, 100, 48, "23/07/2019 18:37:01", 1563899821.35, 1.0, 18340, 18457, 18398, 0.956052344601963, 0.9305954380451861, 0.9284161321882813
"m", 5, 6, 100, 43, "23/07/2019 18:37:16", 1563899836.91, 1.0, 18340, 18457, 18398, 0.8862595419847328, 0.8632497155550739, 0.8665072290466355
"j", 5, 3, 100, 63, "23/07/2019 18:37:21", 1563899841.26, 1.0, 18340, 18457, 18398, 0.9949291166848419, 0.9716638673673945, 0.9714642895966953
"h", 5, 1, 100, 91, "23/07/2019 18:37:38", 1563899858.3, 1.0, 18340, 18457, 18398, 0.9913849509269357, 0.9576854310017879, 0.95532123056854
"k", 5, 4, 100, 55, "23/07/2019 18:37:56", 1563899876.83, 1.0, 18340, 18457, 18398, 0.9698473282442748, 0.9477163135937585, 0.948690075008153
"i", 5, 2, 100, 75, "23/07/2019 18:38:25", 1563899905.84, 1.0, 18340, 18457, 18398, 0.9973827699018538, 0.9648371891423309, 0.9647244265681052
"h", 5, 1, 100, 92, "23/07/2019 18:38:52", 1563899932.59, 1.0, 18340, 18457, 18398, 0.9940567066521265, 0.9612613100720594, 0.9591259919556474
"j", 5, 3, 100, 64, "23/07/2019 18:39:09", 1563899949.23, 1.0, 18340, 18457, 18398, 0.9955288985823337, 0.9742645066912282, 0.9752690509838026
"l", 5, 5, 100, 49, "23/07/2019 18:39:22", 1563899962.39, 1.0, 18340, 18457, 18398, 0.9336423118865868, 0.9120117028769572, 0.9115664746168062
"m", 5, 6, 100, 44, "23/07/2019 18:39:51", 1563899991.97, 1.0, 18340, 18457, 18398, 0.9294983642311887, 0.9078398439616405, 0.907979128166105
"i", 5, 2, 100, 76, "23/07/2019 18:39:54", 1563899994.22, 1.0, 18340, 18457, 18398, 0.9896946564885496, 0.9595275505228369, 0.9589085770192413
"k", 5, 4, 100, 56, "23/07/2019 18:39:58", 1563899998.75, 1.0, 18340, 18457, 18398, 0.9655398037077426, 0.9470661537628, 0.9471138167192086
"h", 5, 1, 100, 93, "23/07/2019 18:40:05", 1563900005.51, 1.0, 18340, 18457, 18398, 0.9868593238822246, 0.9525383323400336, 0.9523861289270573
"j", 5, 3, 100, 65, "23/07/2019 18:40:53", 1563900053.57, 1.0, 18340, 18457, 18398, 0.995856052344602, 0.9740477867475754, 0.9729861941515382
"h", 5, 1, 100, 94, "23/07/2019 18:41:18", 1563900078.54, 1.0, 18340, 18457, 18398, 0.9938386041439476, 0.9615322100016254, 0.9598869442330689
"i", 5, 2, 100, 77, "23/07/2019 18:41:23", 1563900083.61, 1.0, 18340, 18457, 18398, 0.9994547437295529, 0.9676003684239042, 0.966735514729862
"l", 5, 5, 100, 50, "23/07/2019 18:41:41", 1563900101.06, 1.0, 18340, 18457, 18398, 0.9519083969465649, 0.9266402990735222, 0.9275464724426568
"k", 5, 4, 100, 57, "23/07/2019 18:42:02", 1563900122.59, 1.0, 18340, 18457, 18398, 0.9718102508178844, 0.9520507124668147, 0.9497227959560822
"m", 5, 6, 100, 45, "23/07/2019 18:42:29", 1563900149.92, 1.0, 18340, 18457, 18398, 0.9337513631406761, 0.9103863032995612, 0.9097184476573541
"h", 5, 1, 100, 95, "23/07/2019 18:42:30", 1563900150.3, 1.0, 18340, 18457, 18398, 0.993784078516903, 0.9623449097903235, 0.9600500054353734
"j", 5, 3, 100, 66, "23/07/2019 18:42:37", 1563900157.23, 1.0, 18340, 18457, 18398, 0.9968920392584515, 0.973397626916617, 0.9738558538971628
"i", 5, 2, 100, 78, "23/07/2019 18:42:53", 1563900173.88, 1.0, 18340, 18457, 18398, 0.9970556161395856, 0.964620469198678, 0.9660832699206435
"h", 5, 1, 100, 96, "23/07/2019 18:43:43", 1563900223.71, 1.0, 18340, 18457, 18398, 0.9919302071973828, 0.9590941106355312, 0.9579302098054137
"l", 5, 5, 100, 51, "23/07/2019 18:43:56", 1563900236.07, 1.0, 18340, 18457, 18398, 0.9502181025081788, 0.9221433602427264, 0.9235242961191434
"k", 5, 4, 100, 58, "23/07/2019 18:44:06", 1563900246.49, 1.0, 18340, 18457, 18398, 0.9683206106870229, 0.9466327138754944, 0.9473855853897163
"i", 5, 2, 100, 79, "23/07/2019 18:44:22", 1563900262.78, 1.0, 18340, 18457, 18398, 0.9912213740458016, 0.95822723086092, 0.9590172844874443
"j", 5, 3, 100, 67, "23/07/2019 18:44:23", 1563900263.21, 1.0, 18340, 18457, 18398, 0.9970556161395856, 0.9751313864658395, 0.9761387107294272
"h", 5, 1, 100, 97, "23/07/2019 18:44:54", 1563900294.06, 1.0, 18340, 18457, 18398, 0.9921483097055616, 0.9579021509454407, 0.9573323187302968
"m", 5, 6, 100, 46, "23/07/2019 18:45:03", 1563900303.47, 1.0, 18340, 18457, 18398, 0.9252453653217012, 0.8968954868071735, 0.8978149798891184
"i", 5, 2, 100, 80, "23/07/2019 18:45:53", 1563900353.49, 1.0, 18340, 18457, 18398, 0.9926935659760088, 0.9597984504524029, 0.9610827263833025
"k", 5, 4, 100, 59, "23/07/2019 18:46:06", 1563900366.34, 1.0, 18340, 18457, 18398, 0.9696837513631407, 0.949720973072547, 0.9509185781063159
"h", 5, 1, 100, 98, "23/07/2019 18:46:06", 1563900366.95, 1.0, 18340, 18457, 18398, 0.9932388222464559, 0.9609362301565801, 0.9579302098054137
"j", 5, 3, 100, 68, "23/07/2019 18:46:10", 1563900370.8, 1.0, 18340, 18457, 18398, 0.9924209378407852, 0.9705260876632172, 0.9702685074464615
"l", 5, 5, 100, 52, "23/07/2019 18:46:14", 1563900374.19, 1.0, 18340, 18457, 18398, 0.9534896401308615, 0.9344422170450236, 0.9330361995869116
"h", 5, 1, 100, 99, "23/07/2019 18:47:19", 1563900439.68, 1.0, 18340, 18457, 18398, 0.9936205016357688, 0.9613696700438857, 0.9586368083487335
"i", 5, 2, 100, 81, "23/07/2019 18:47:20", 1563900440.15, 1.0, 18340, 18457, 18398, 0.9993456924754635, 0.9667876686352062, 0.9673334058049788
"m", 5, 6, 100, 47, "23/07/2019 18:47:39", 1563900459.97, 1.0, 18340, 18457, 18398, 0.9431297709923664, 0.9167795416373192, 0.9150994673334059
"j", 5, 3, 100, 69, "23/07/2019 18:47:55", 1563900475.34, 1.0, 18340, 18457, 18398, 0.9923664122137404, 0.9705260876632172, 0.9697249701054462
"k", 5, 4, 100, 60, "23/07/2019 18:48:07", 1563900487.18, 1.0, 18340, 18457, 18398, 0.9602508178844057, 0.939589315706778, 0.9391238178062833
"h", 5, 1, 100, 100, "23/07/2019 18:48:29", 1563900509.82, 1.0, 18340, 18457, 18398, 0.9943838604143947, 0.9610987701143198, 0.9592346994238504
"l", 5, 5, 100, 53, "23/07/2019 18:48:33", 1563900513.37, 1.0, 18340, 18457, 18398, 0.9435114503816794, 0.9214932004117679, 0.923687357321448
"i", 5, 2, 100, 82, "23/07/2019 18:48:48", 1563900528.98, 1.0, 18340, 18457, 18398, 0.9977099236641221, 0.9666251286774665, 0.9672246983367757
"j", 5, 3, 100, 70, "23/07/2019 18:49:36", 1563900576.44, 1.0, 18340, 18457, 18398, 0.9948745910577972, 0.9724223871701794, 0.972768779215132
"k", 5, 4, 100, 61, "23/07/2019 18:49:59", 1563900599.22, 1.0, 18340, 18457, 18398, 0.9737186477644493, 0.9533510321287316, 0.9543428633547125
"m", 5, 6, 100, 48, "23/07/2019 18:50:00", 1563900600.15, 1.0, 18340, 18457, 18398, 0.9349509269356597, 0.9098445034404291, 0.9132514403739537
"i", 5, 2, 100, 83, "23/07/2019 18:50:09", 1563900609.19, 1.0, 18340, 18457, 18398, 0.999236641221374, 0.9671127485506854, 0.9671159908685727
"l", 5, 5, 100, 54, "23/07/2019 18:50:35", 1563900635.93, 1.0, 18340, 18457, 18398, 0.9608505997818975, 0.9387766159180798, 0.9410805522339385
"j", 5, 3, 100, 71, "23/07/2019 18:51:11", 1563900671.14, 1.0, 18340, 18457, 18398, 0.9954198473282443, 0.9739936067616622, 0.9738015001630612
"i", 5, 2, 100, 84, "23/07/2019 18:51:30", 1563900690.67, 1.0, 18340, 18457, 18398, 0.9997818974918211, 0.9685214281844287, 0.9698336775736494
"k", 5, 4, 100, 62, "23/07/2019 18:51:49", 1563900709.8, 1.0, 18340, 18457, 18398, 0.9743184296619412, 0.957414531072222, 0.9549951081639309
"m", 5, 6, 100, 49, "23/07/2019 18:52:20", 1563900740.95, 1.0, 18340, 18457, 18398, 0.9525627044711014, 0.9284824185945711, 0.931242526361561
"l", 5, 5, 100, 55, "23/07/2019 18:52:39", 1563900759.48, 1.0, 18340, 18457, 18398, 0.9621046892039259, 0.943056834805223, 0.9471138167192086
"j", 5, 3, 100, 72, "23/07/2019 18:52:44", 1563900764.71, 1.0, 18340, 18457, 18398, 0.9974918211559433, 0.9740477867475754, 0.975105989781498
"i", 5, 2, 100, 85, "23/07/2019 18:52:50", 1563900770.86, 1.0, 18340, 18457, 18398, 0.999618320610687, 0.9673294684943382, 0.9670072834003696
"k", 5, 4, 100, 63, "23/07/2019 18:53:39", 1563900819.59, 1.0, 18340, 18457, 18398, 0.9759541984732825, 0.9575228910440483, 0.9547233394934233
"i", 5, 2, 100, 86, "23/07/2019 18:54:09", 1563900849.82, 1.0, 18340, 18457, 18398, 0.9961286804798255, 0.964078669339546, 0.964398304163496
"j", 5, 3, 100, 73, "23/07/2019 18:54:20", 1563900860.37, 1.0, 18340, 18457, 18398, 0.9955834242093784, 0.973397626916617, 0.9733123165561474
"m", 5, 6, 100, 50, "23/07/2019 18:54:38", 1563900878.8, 1.0, 18340, 18457, 18398, 0.9293893129770993, 0.9065937042856369, 0.9086313729753234
"l", 5, 5, 100, 56, "23/07/2019 18:54:45", 1563900885.01, 1.0, 18340, 18457, 18398, 0.9433478735005453, 0.9206263206371567, 0.9231981737145342
"k", 5, 4, 100, 64, "23/07/2019 18:55:26", 1563900926.22, 1.0, 18340, 18457, 18398, 0.9733369683751363, 0.9543804518610826, 0.9533644961408849
"i", 5, 2, 100, 87, "23/07/2019 18:55:30", 1563900930.87, 1.0, 18340, 18457, 18398, 0.999236641221374, 0.9678712683534703, 0.9680943580824003
"j", 5, 3, 100, 74, "23/07/2019 18:55:55", 1563900955.42, 1.0, 18340, 18457, 18398, 0.9965103598691385, 0.9758899062686244, 0.9763561256658333
"l", 5, 5, 100, 57, "23/07/2019 18:56:48", 1563901008.17, 1.0, 18340, 18457, 18398, 0.9623227917121047, 0.9402936555236495, 0.9454832046961626
"i", 5, 2, 100, 88, "23/07/2019 18:56:51", 1563901011.63, 1.0, 18340, 18457, 18398, 0.9987459105779717, 0.9656498889310289, 0.9661376236547451
"m", 5, 6, 100, 51, "23/07/2019 18:56:59", 1563901019.31, 1.0, 18340, 18457, 18398, 0.9273173391494002, 0.9077856639757274, 0.9087400804435265
"k", 5, 4, 100, 65, "23/07/2019 18:57:16", 1563901036.29, 1.0, 18340, 18457, 18398, 0.9795528898582334, 0.9612613100720594, 0.9603761278399826
"j", 5, 3, 100, 75, "23/07/2019 18:57:31", 1563901051.11, 1.0, 18340, 18457, 18398, 0.9971101417666303, 0.9764858861136696, 0.9761930644635286
"i", 5, 2, 100, 89, "23/07/2019 18:58:11", 1563901091.13, 1.0, 18340, 18457, 18398, 0.9997273718647764, 0.9676545484098175, 0.9661919773888467
"l", 5, 5, 100, 58, "23/07/2019 18:58:55", 1563901135.51, 1.0, 18340, 18457, 18398, 0.9713740458015268, 0.9487457333261093, 0.9543428633547125
"j", 5, 3, 100, 76, "23/07/2019 18:59:05", 1563901145.12, 1.0, 18340, 18457, 18398, 0.997546346782988, 0.9767026060573224, 0.9765735406022393
"k", 5, 4, 100, 66, "23/07/2019 18:59:06", 1563901146.41, 1.0, 18340, 18457, 18398, 0.9774809160305343, 0.9581730508750068, 0.9570061963256876
"m", 5, 6, 100, 52, "23/07/2019 18:59:20", 1563901160.29, 1.0, 18340, 18457, 18398, 0.9301526717557251, 0.9072980441025086, 0.9077617132296989
"i", 5, 2, 100, 90, "23/07/2019 18:59:28", 1563901168.08, 1.0, 18340, 18457, 18398, 0.9957470010905125, 0.9642412092972856, 0.96347429068377
"j", 5, 3, 100, 77, "23/07/2019 19:00:41", 1563901241.77, 1.0, 18340, 18457, 18398, 0.9976008724100327, 0.9754564663813188, 0.9757038808566149
"i", 5, 2, 100, 91, "23/07/2019 19:00:46", 1563901246.69, 1.0, 18340, 18457, 18398, 0.9989640130861505, 0.9668960286070326, 0.9674421132731819
"l", 5, 5, 100, 59, "23/07/2019 19:00:57", 1563901257.03, 1.0, 18340, 18457, 18398, 0.9558342420937841, 0.9389933358617327, 0.939504293944994
"k", 5, 4, 100, 67, "23/07/2019 19:00:57", 1563901257.27, 1.0, 18340, 18457, 18398, 0.9818429661941113, 0.9593650105650973, 0.9601587129035765
"m", 5, 6, 100, 53, "23/07/2019 19:01:42", 1563901302.24, 1.0, 18340, 18457, 18398, 0.95092693565976, 0.9298910982283145, 0.9309164039569519
"i", 5, 2, 100, 92, "23/07/2019 19:02:07", 1563901327.24, 1.0, 18340, 18457, 18398, 0.9987459105779717, 0.9660833288183345, 0.9682030655506033
"j", 5, 3, 100, 78, "23/07/2019 19:02:17", 1563901337.94, 1.0, 18340, 18457, 18398, 0.9874045801526717, 0.9692257680013003, 0.9671159908685727
"k", 5, 4, 100, 68, "23/07/2019 19:02:46", 1563901366.31, 1.0, 18340, 18457, 18398, 0.9752453653217013, 0.9577396109877011, 0.957658441134906
"l", 5, 5, 100, 60, "23/07/2019 19:03:00", 1563901380.4, 1.0, 18340, 18457, 18398, 0.9665212649945475, 0.9461992739881888, 0.9492879660832699
"i", 5, 2, 100, 93, "23/07/2019 19:03:24", 1563901404.13, 1.0, 18340, 18457, 18398, 0.9986913849509269, 0.9659749688465081, 0.9667898684639634
"j", 5, 3, 100, 79, "23/07/2019 19:03:45", 1563901425.59, 1.0, 18340, 18457, 18398, 0.9938386041439476, 0.9737227068320963, 0.9743993912381781
"m", 5, 6, 100, 54, "23/07/2019 19:03:55", 1563901435.94, 1.0, 18340, 18457, 18398, 0.9497818974918212, 0.9305954380451861, 0.9314599412979672
"k", 5, 4, 100, 69, "23/07/2019 19:04:23", 1563901463.85, 1.0, 18340, 18457, 18398, 0.976990185387132, 0.9590941106355312, 0.9595608218284596
"i", 5, 2, 100, 94, "23/07/2019 19:04:35", 1563901475.15, 1.0, 18340, 18457, 18398, 0.9985823336968375, 0.9669502085929458, 0.9669529296662681
"l", 5, 5, 100, 61, "23/07/2019 19:04:49", 1563901489.93, 1.0, 18340, 18457, 18398, 0.9708833151581243, 0.952375792382294, 0.9515708229155343
"j", 5, 3, 100, 80, "23/07/2019 19:05:08", 1563901508.59, 1.0, 18340, 18457, 18398, 0.995092693565976, 0.9733434469307038, 0.9733123165561474
"i", 5, 2, 100, 95, "23/07/2019 19:05:46", 1563901546.58, 1.0, 18340, 18457, 18398, 0.9996728462377318, 0.9670585685647721, 0.9670616371344711
"k", 5, 4, 100, 70, "23/07/2019 19:05:56", 1563901556.72, 1.0, 18340, 18457, 18398, 0.9761723009814612, 0.955843311480739, 0.9575497336667029
"m", 5, 6, 100, 55, "23/07/2019 19:05:59", 1563901559.23, 1.0, 18340, 18457, 18398, 0.952071973827699, 0.9340629571436312, 0.9330361995869116
"j", 5, 3, 100, 81, "23/07/2019 19:06:32", 1563901592.22, 1.0, 18340, 18457, 18398, 0.9946564885496183, 0.9709595275505228, 0.9717904120013044
"l", 5, 5, 100, 62, "23/07/2019 19:06:42", 1563901602.82, 1.0, 18340, 18457, 18398, 0.9502726281352235, 0.9325459175380615, 0.9340689205348407
"i", 5, 2, 100, 96, "23/07/2019 19:06:58", 1563901618.66, 1.0, 18340, 18457, 18398, 0.9996728462377318, 0.966733488649293, 0.9680400043482987
"k", 5, 4, 100, 71, "23/07/2019 19:07:34", 1563901654.65, 1.0, 18340, 18457, 18398, 0.9797164667393675, 0.9620740098607574, 0.9628220458745516
"j", 5, 3, 100, 82, "23/07/2019 19:07:56", 1563901676.55, 1.0, 18340, 18457, 18398, 0.9974372955288986, 0.9750772064799264, 0.976736601804544
"m", 5, 6, 100, 56, "23/07/2019 19:08:02", 1563901682.33, 1.0, 18340, 18457, 18398, 0.9427480916030534, 0.9259901392425638, 0.9246113708011741
"i", 5, 2, 100, 97, "23/07/2019 19:08:10", 1563901690.43, 1.0, 18340, 18457, 18398, 0.9993456924754635, 0.9683047082407759, 0.9684204804870095
"l", 5, 5, 100, 63, "23/07/2019 19:08:32", 1563901712.94, 1.0, 18340, 18457, 18398, 0.9591057797164667, 0.941756515143306, 0.9445591912164366
"k", 5, 4, 100, 72, "23/07/2019 19:09:12", 1563901752.67, 1.0, 18340, 18457, 18398, 0.9789531079607415, 0.9628867096494554, 0.9638004130883792
"j", 5, 3, 100, 83, "23/07/2019 19:09:18", 1563901758.38, 1.0, 18340, 18457, 18398, 0.9906761177753545, 0.9674378284661646, 0.967659528209588
"i", 5, 2, 100, 98, "23/07/2019 19:09:22", 1563901762.17, 1.0, 18340, 18457, 18398, 0.9985278080697928, 0.9659207888605948, 0.9653766713773236
"m", 5, 6, 100, 57, "23/07/2019 19:10:08", 1563901808.44, 1.0, 18340, 18457, 18398, 0.9412758996728462, 0.9232811399469036, 0.9238504185237526
"l", 5, 5, 100, 64, "23/07/2019 19:10:25", 1563901825.06, 1.0, 18340, 18457, 18398, 0.9582878953107961, 0.9394267757490383, 0.942765517991086
"i", 5, 2, 100, 99, "23/07/2019 19:10:33", 1563901833.08, 1.0, 18340, 18457, 18398, 0.9991275899672846, 0.967004388578859, 0.966844222198065
"j", 5, 3, 100, 84, "23/07/2019 19:10:40", 1563901840.94, 1.0, 18340, 18457, 18398, 0.9968920392584515, 0.975239746437666, 0.9770627242091532
"k", 5, 4, 100, 73, "23/07/2019 19:10:49", 1563901849.22, 1.0, 18340, 18457, 18398, 0.9729007633587786, 0.9548138917483882, 0.9549407544298293
"i", 5, 2, 100, 100, "23/07/2019 19:11:44", 1563901904.94, 1.0, 18340, 18457, 18398, 0.9994547437295529, 0.9685756081703418, 0.9696706163713447
"j", 5, 3, 100, 85, "23/07/2019 19:12:02", 1563901922.09, 1.0, 18340, 18457, 18398, 0.9955288985823337, 0.970201007747738, 0.9714642895966953
"m", 5, 6, 100, 58, "23/07/2019 19:12:07", 1563901927.18, 1.0, 18340, 18457, 18398, 0.9484187568157034, 0.9317332177493634, 0.9329274921187085
"l", 5, 5, 100, 65, "23/07/2019 19:12:10", 1563901930.23, 1.0, 18340, 18457, 18398, 0.9663031624863686, 0.9452782142276643, 0.9483639526035439
"k", 5, 4, 100, 74, "23/07/2019 19:12:18", 1563901938.35, 1.0, 18340, 18457, 18398, 0.9834787350054526, 0.9655957089451157, 0.9677138819436896
"j", 5, 3, 100, 86, "23/07/2019 19:13:15", 1563901995.71, 1.0, 18340, 18457, 18398, 0.9970010905125409, 0.9730183670152246, 0.974997282313295
"k", 5, 4, 100, 75, "23/07/2019 19:13:41", 1563902021.72, 1.0, 18340, 18457, 18398, 0.9796074154852781, 0.9588773906918784, 0.9621698010653332
"l", 5, 5, 100, 66, "23/07/2019 19:13:47", 1563902027.91, 1.0, 18340, 18457, 18398, 0.958124318429662, 0.9398602156363439, 0.9424393955864768
"m", 5, 6, 100, 59, "23/07/2019 19:13:56", 1563902036.39, 1.0, 18340, 18457, 18398, 0.958124318429662, 0.9398060356504307, 0.9409174910316339
"j", 5, 3, 100, 87, "23/07/2019 19:14:28", 1563902068.11, 1.0, 18340, 18457, 18398, 0.9912213740458016, 0.9691715880153872, 0.9713012283943907
"k", 5, 4, 100, 76, "23/07/2019 19:15:07", 1563902107.53, 1.0, 18340, 18457, 18398, 0.9770992366412213, 0.9605027902692745, 0.9611370801174041
"l", 5, 5, 100, 67, "23/07/2019 19:15:24", 1563902124.11, 1.0, 18340, 18457, 18398, 0.9744274809160305, 0.9536761120442109, 0.9580389172736167
"j", 5, 3, 100, 88, "23/07/2019 19:15:40", 1563902140.15, 1.0, 18340, 18457, 18398, 0.996401308615049, 0.9743186866771415, 0.9747255136427873
"m", 5, 6, 100, 60, "23/07/2019 19:15:43", 1563902143.62, 1.0, 18340, 18457, 18398, 0.9408396946564885, 0.9242021997074281, 0.9227089901076204
"k", 5, 4, 100, 77, "23/07/2019 19:16:29", 1563902189.6, 1.0, 18340, 18457, 18398, 0.9825517993456925, 0.9644579292409384, 0.9655397325796282
"j", 5, 3, 100, 89, "23/07/2019 19:16:47", 1563902207.32, 1.0, 18340, 18457, 18398, 0.9973282442748092, 0.9762691661700168, 0.9768996630068486
"l", 5, 5, 100, 68, "23/07/2019 19:16:54", 1563902214.7, 1.0, 18340, 18457, 18398, 0.9736641221374046, 0.9556807715229994, 0.9557017067072507
"m", 5, 6, 100, 61, "23/07/2019 19:17:19", 1563902239.71, 1.0, 18340, 18457, 18398, 0.954525627044711, 0.9382348160589479, 0.9346124578758561
"k", 5, 4, 100, 78, "23/07/2019 19:17:40", 1563902260.99, 1.0, 18340, 18457, 18398, 0.9853326063249728, 0.9666251286774665, 0.9683117730188064
"j", 5, 3, 100, 90, "23/07/2019 19:17:48", 1563902268.53, 1.0, 18340, 18457, 18398, 0.9960196292257361, 0.9718805873110473, 0.972768779215132
"l", 5, 5, 100, 69, "23/07/2019 19:18:14", 1563902294.7, 1.0, 18340, 18457, 18398, 0.9566521264994547, 0.936934496397031, 0.9387433416675726
"j", 5, 3, 100, 91, "23/07/2019 19:18:47", 1563902327.6, 1.0, 18340, 18457, 18398, 0.9980916030534351, 0.9766484260714092, 0.9772257854114578
"m", 5, 6, 100, 62, "23/07/2019 19:18:51", 1563902331.28, 1.0, 18340, 18457, 18398, 0.9465103598691385, 0.9290242184537032, 0.9273290575062507
"k", 5, 4, 100, 79, "23/07/2019 19:18:51", 1563902331.38, 1.0, 18340, 18457, 18398, 0.9756815703380589, 0.9560600314243918, 0.9581476247418198
"l", 5, 5, 100, 70, "23/07/2019 19:19:35", 1563902375.35, 1.0, 18340, 18457, 18398, 0.9710468920392584, 0.9498293330443734, 0.9529296662680726
"j", 5, 3, 100, 92, "23/07/2019 19:19:49", 1563902389.54, 1.0, 18340, 18457, 18398, 0.988113413304253, 0.9645662892127648, 0.9657027937819328
"k", 5, 4, 100, 80, "23/07/2019 19:20:00", 1563902400.66, 1.0, 18340, 18457, 18398, 0.9787350054525628, 0.9595275505228369, 0.9611914338515056
"m", 5, 6, 100, 63, "23/07/2019 19:20:21", 1563902421.54, 1.0, 18340, 18457, 18398, 0.9512540894220284, 0.9342254971013707, 0.9359713012283943
"j", 5, 3, 100, 93, "23/07/2019 19:20:49", 1563902449.03, 1.0, 18340, 18457, 18398, 0.9979825517993457, 0.9758899062686244, 0.9773888466137624
"l", 5, 5, 100, 71, "23/07/2019 19:20:55", 1563902455.03, 1.0, 18340, 18457, 18398, 0.9712649945474373, 0.9526466923118599, 0.9540167409501032
"k", 5, 4, 100, 81, "23/07/2019 19:21:11", 1563902471.19, 1.0, 18340, 18457, 18398, 0.975081788440567, 0.9549222517202145, 0.9580389172736167
"j", 5, 3, 100, 94, "23/07/2019 19:21:49", 1563902509.19, 1.0, 18340, 18457, 18398, 0.9958015267175573, 0.9734518069025302, 0.9735840852266551
"m", 5, 6, 100, 64, "23/07/2019 19:21:52", 1563902512.01, 1.0, 18340, 18457, 18398, 0.9649945474372955, 0.9503169529175922, 0.9495597347537775
"l", 5, 5, 100, 72, "23/07/2019 19:22:14", 1563902534.96, 1.0, 18340, 18457, 18398, 0.9836423118865867, 0.9673294684943382, 0.9666268072616588
"k", 5, 4, 100, 82, "23/07/2019 19:22:21", 1563902541.02, 1.0, 18340, 18457, 18398, 0.985659760087241, 0.9674378284661646, 0.9685291879552125
"j", 5, 3, 100, 95, "23/07/2019 19:22:48", 1563902568.99, 1.0, 18340, 18457, 18398, 0.9976008724100327, 0.9758899062686244, 0.9785302750298945
"m", 5, 6, 100, 65, "23/07/2019 19:23:22", 1563902602.07, 1.0, 18340, 18457, 18398, 0.946782988004362, 0.9308663379747522, 0.930318512881835
"k", 5, 4, 100, 83, "23/07/2019 19:23:31", 1563902611.18, 1.0, 18340, 18457, 18398, 0.9759541984732825, 0.9586064907623124, 0.9590172844874443
"l", 5, 5, 100, 73, "23/07/2019 19:23:36", 1563902616.81, 1.0, 18340, 18457, 18398, 0.9823336968375136, 0.9645121092268516, 0.9652679639091205
"j", 5, 3, 100, 96, "23/07/2019 19:23:48", 1563902628.62, 1.0, 18340, 18457, 18398, 0.997164667393675, 0.9753481064094923, 0.9774432003478639
"k", 5, 4, 100, 84, "23/07/2019 19:24:41", 1563902681.31, 1.0, 18340, 18457, 18398, 0.9730643402399127, 0.9568185512271766, 0.9567887813892815
"j", 5, 3, 100, 97, "23/07/2019 19:24:47", 1563902687.46, 1.0, 18340, 18457, 18398, 0.9965648854961832, 0.9744270466489678, 0.9764104793999347
"m", 5, 6, 100, 66, "23/07/2019 19:24:51", 1563902691.06, 1.0, 18340, 18457, 18398, 0.9634678298800436, 0.9431651947770494, 0.9459723883030764
"l", 5, 5, 100, 74, "23/07/2019 19:24:57", 1563902697.54, 1.0, 18340, 18457, 18398, 0.9712104689203925, 0.9517798125372487, 0.9528209587998695
"j", 5, 3, 100, 98, "23/07/2019 19:25:48", 1563902748.03, 1.0, 18340, 18457, 18398, 0.9978189749182116, 0.9758357262827112, 0.9778780302206762
"k", 5, 4, 100, 85, "23/07/2019 19:25:50", 1563902750.69, 1.0, 18340, 18457, 18398, 0.9821155943293348, 0.9629408896353687, 0.9648874877704098
"l", 5, 5, 100, 75, "23/07/2019 19:26:17", 1563902777.86, 1.0, 18340, 18457, 18398, 0.9772082878953108, 0.9605027902692745, 0.960213066637678
"m", 5, 6, 100, 67, "23/07/2019 19:26:19", 1563902779.52, 1.0, 18340, 18457, 18398, 0.9628680479825518, 0.9469577937909737, 0.9482552451353408
"j", 5, 3, 100, 99, "23/07/2019 19:26:48", 1563902808.25, 1.0, 18340, 18457, 18398, 0.9988004362050164, 0.9769193260009752, 0.9782585063593869
"k", 5, 4, 100, 86, "23/07/2019 19:27:01", 1563902821.23, 1.0, 18340, 18457, 18398, 0.983969465648855, 0.967546188437991, 0.9683661267529079
"l", 5, 5, 100, 76, "23/07/2019 19:27:38", 1563902858.88, 1.0, 18340, 18457, 18398, 0.9845147219193021, 0.9676545484098175, 0.9681487118165018
"j", 5, 3, 100, 100, "23/07/2019 19:27:48", 1563902868.71, 1.0, 18340, 18457, 18398, 0.997546346782988, 0.9756190063390584, 0.9765735406022393
"m", 5, 6, 100, 68, "23/07/2019 19:27:49", 1563902869.88, 1.0, 18340, 18457, 18398, 0.9312977099236641, 0.9162377417781872, 0.9159147733449288
"k", 5, 4, 100, 87, "23/07/2019 19:28:06", 1563902886.5, 1.0, 18340, 18457, 18398, 0.985278080697928, 0.9666251286774665, 0.9698336775736494
"l", 5, 5, 100, 77, "23/07/2019 19:28:35", 1563902915.99, 1.0, 18340, 18457, 18398, 0.9599236641221374, 0.9405103754673024, 0.9442330688118273
"m", 5, 6, 100, 69, "23/07/2019 19:28:50", 1563902930.16, 1.0, 18340, 18457, 18398, 0.9682660850599782, 0.9511838326922035, 0.9521143602565496
"k", 5, 4, 100, 88, "23/07/2019 19:28:50", 1563902930.74, 1.0, 18340, 18457, 18398, 0.9842966194111232, 0.967004388578859, 0.966844222198065
"l", 5, 5, 100, 78, "23/07/2019 19:29:24", 1563902964.84, 1.0, 18340, 18457, 18398, 0.9836968375136315, 0.9666793086633797, 0.9666811609957604
"k", 5, 4, 100, 89, "23/07/2019 19:29:33", 1563902973.93, 1.0, 18340, 18457, 18398, 0.9699018538713196, 0.9519965324809015, 0.9536906185454941
"m", 5, 6, 100, 70, "23/07/2019 19:29:45", 1563902985.61, 1.0, 18340, 18457, 18398, 0.9684296619411124, 0.9532426721569053, 0.955212523100337
"l", 5, 5, 100, 79, "23/07/2019 19:30:13", 1563903013.85, 1.0, 18340, 18457, 18398, 0.976608505997819, 0.9600151703960557, 0.9623328622676378
"k", 5, 4, 100, 90, "23/07/2019 19:30:16", 1563903016.75, 1.0, 18340, 18457, 18398, 0.9799890948745911, 0.9618031099311914, 0.9648874877704098
"m", 5, 6, 100, 71, "23/07/2019 19:30:41", 1563903041.37, 1.0, 18340, 18457, 18398, 0.959051254089422, 0.9428942948474833, 0.9415697358408522
"k", 5, 4, 100, 91, "23/07/2019 19:30:59", 1563903059.51, 1.0, 18340, 18457, 18398, 0.9849509269356598, 0.9673836484802514, 0.9691270790303294
"l", 5, 5, 100, 80, "23/07/2019 19:31:03", 1563903063.04, 1.0, 18340, 18457, 18398, 0.9773718647764449, 0.9625616297339763, 0.962658984672247
"m", 5, 6, 100, 72, "23/07/2019 19:31:37", 1563903097.15, 1.0, 18340, 18457, 18398, 0.9532170119956379, 0.9362843365660725, 0.9375475595173388
"k", 5, 4, 100, 92, "23/07/2019 19:31:42", 1563903102.95, 1.0, 18340, 18457, 18398, 0.9851690294438386, 0.9679796283252966, 0.9688553103598218
"l", 5, 5, 100, 81, "23/07/2019 19:31:52", 1563903112.51, 1.0, 18340, 18457, 18398, 0.95092693565976, 0.9330877173971934, 0.9336340906620285
"k", 5, 4, 100, 93, "23/07/2019 19:32:26", 1563903146.32, 1.0, 18340, 18457, 18398, 0.9872955288985823, 0.9716638673673945, 0.9734210240243505
"m", 5, 6, 100, 73, "23/07/2019 19:32:32", 1563903152.77, 1.0, 18340, 18457, 18398, 0.9510905125408943, 0.9354174567914613, 0.9341232742689423
"l", 5, 5, 100, 82, "23/07/2019 19:32:40", 1563903160.88, 1.0, 18340, 18457, 18398, 0.9726826608505997, 0.9527550522836864, 0.9542341558865094
"k", 5, 4, 100, 94, "23/07/2019 19:33:09", 1563903189.21, 1.0, 18340, 18457, 18398, 0.9870229007633587, 0.9687381481280815, 0.9694532014349386
"m", 5, 6, 100, 74, "23/07/2019 19:33:28", 1563903208.53, 1.0, 18340, 18457, 18398, 0.9653762268266085, 0.9529717722273392, 0.9543428633547125
"l", 5, 5, 100, 83, "23/07/2019 19:33:30", 1563903210.23, 1.0, 18340, 18457, 18398, 0.9655398037077426, 0.9496126131007206, 0.9499402108924884
"k", 5, 4, 100, 95, "23/07/2019 19:33:51", 1563903231.32, 1.0, 18340, 18457, 18398, 0.9885496183206107, 0.96938830795904, 0.9698880313077508
"l", 5, 5, 100, 84, "23/07/2019 19:34:18", 1563903258.83, 1.0, 18340, 18457, 18398, 0.9840785169029443, 0.9686839681421683, 0.9697249701054462
"m", 5, 6, 100, 75, "23/07/2019 19:34:24", 1563903264.49, 1.0, 18340, 18457, 18398, 0.9559978189749182, 0.9398060356504307, 0.9406457223611262
"k", 5, 4, 100, 96, "23/07/2019 19:34:34", 1563903274.83, 1.0, 18340, 18457, 18398, 0.9899127589967285, 0.9726391071138322, 0.9739102076312642
"l", 5, 5, 100, 85, "23/07/2019 19:35:08", 1563903308.25, 1.0, 18340, 18457, 18398, 0.9856052344601963, 0.9673836484802514, 0.9684204804870095
"k", 5, 4, 100, 97, "23/07/2019 19:35:18", 1563903318.6, 1.0, 18340, 18457, 18398, 0.9697928026172301, 0.9532426721569053, 0.9527122513316665
"m", 5, 6, 100, 76, "23/07/2019 19:35:19", 1563903319.88, 1.0, 18340, 18457, 18398, 0.9567611777535442, 0.9444655144389662, 0.9433090553321013
"l", 5, 5, 100, 86, "23/07/2019 19:35:56", 1563903356.99, 1.0, 18340, 18457, 18398, 0.979443838604144, 0.9649997291000705, 0.9650505489727145
"k", 5, 4, 100, 98, "23/07/2019 19:36:02", 1563903362.44, 1.0, 18340, 18457, 18398, 0.9863685932388222, 0.9702551877336512, 0.9704859223828677
"m", 5, 6, 100, 77, "23/07/2019 19:36:15", 1563903375.82, 1.0, 18340, 18457, 18398, 0.960741548527808, 0.9471745137346265, 0.946135449505381
"k", 5, 4, 100, 99, "23/07/2019 19:36:45", 1563903405.49, 1.0, 18340, 18457, 18398, 0.982442748091603, 0.9653789890014629, 0.9676051744754864
"l", 5, 5, 100, 87, "23/07/2019 19:36:45", 1563903405.86, 1.0, 18340, 18457, 18398, 0.9629225736095965, 0.9460909140163624, 0.9491792586150668
"m", 5, 6, 100, 78, "23/07/2019 19:37:10", 1563903430.68, 1.0, 18340, 18457, 18398, 0.9672846237731734, 0.9523216123963808, 0.954288509620611
"k", 5, 4, 100, 100, "23/07/2019 19:37:28", 1563903448.96, 1.0, 18340, 18457, 18398, 0.9876226826608506, 0.9691715880153872, 0.9708663985215784
"l", 5, 5, 100, 88, "23/07/2019 19:37:33", 1563903453.45, 1.0, 18340, 18457, 18398, 0.977917121046892, 0.9634285095085875, 0.9642352429611915
"m", 5, 6, 100, 79, "23/07/2019 19:37:55", 1563903475.63, 1.0, 18340, 18457, 18398, 0.9546892039258451, 0.9425692149320041, 0.9407544298293292
"l", 5, 5, 100, 89, "23/07/2019 19:38:07", 1563903487.38, 1.0, 18340, 18457, 18398, 0.9784623773173392, 0.9621281898466706, 0.9610827263833025
"m", 5, 6, 100, 80, "23/07/2019 19:38:34", 1563903514.27, 1.0, 18340, 18457, 18398, 0.9595965103598691, 0.9446280543967058, 0.9485270138058485
"l", 5, 5, 100, 90, "23/07/2019 19:38:41", 1563903521.94, 1.0, 18340, 18457, 18398, 0.9866957470010905, 0.9696592078886059, 0.9714642895966953
"m", 5, 6, 100, 81, "23/07/2019 19:39:12", 1563903552.92, 1.0, 18340, 18457, 18398, 0.9456924754634678, 0.9291325784255297, 0.9297206218067181
"l", 5, 5, 100, 91, "23/07/2019 19:39:16", 1563903556.73, 1.0, 18340, 18457, 18398, 0.9757906215921484, 0.9612071300861462, 0.9614088487879118
"l", 5, 5, 100, 92, "23/07/2019 19:39:51", 1563903591.61, 1.0, 18340, 18457, 18398, 0.9655398037077426, 0.9530259522132524, 0.9518969453201435
"m", 5, 6, 100, 82, "23/07/2019 19:39:52", 1563903592.07, 1.0, 18340, 18457, 18398, 0.9529989094874591, 0.9371512163406838, 0.9373301445809327
"l", 5, 5, 100, 93, "23/07/2019 19:40:26", 1563903626.56, 1.0, 18340, 18457, 18398, 0.9856052344601963, 0.9716096873814812, 0.9710838134579846
"m", 5, 6, 100, 83, "23/07/2019 19:40:31", 1563903631.29, 1.0, 18340, 18457, 18398, 0.9621046892039259, 0.9478246735655849, 0.9473855853897163
"l", 5, 5, 100, 94, "23/07/2019 19:41:01", 1563903661.33, 1.0, 18340, 18457, 18398, 0.9764994547437296, 0.9603402503115349, 0.9617349711925209
"m", 5, 6, 100, 84, "23/07/2019 19:41:10", 1563903670.09, 1.0, 18340, 18457, 18398, 0.9455288985823337, 0.9292951183832692, 0.9315142950320687
"l", 5, 5, 100, 95, "23/07/2019 19:41:35", 1563903695.79, 1.0, 18340, 18457, 18398, 0.97546346782988, 0.9610445901284066, 0.9589629307533427
"m", 5, 6, 100, 85, "23/07/2019 19:41:48", 1563903708.99, 1.0, 18340, 18457, 18398, 0.952453653217012, 0.943056834805223, 0.9424393955864768
"l", 5, 5, 100, 96, "23/07/2019 19:42:10", 1563903730.23, 1.0, 18340, 18457, 18398, 0.9660850599781897, 0.9469577937909737, 0.9483095988694423
"m", 5, 6, 100, 86, "23/07/2019 19:42:27", 1563903747.77, 1.0, 18340, 18457, 18398, 0.9617775354416576, 0.9469577937909737, 0.9464615719099903
"l", 5, 5, 100, 97, "23/07/2019 19:42:44", 1563903764.76, 1.0, 18340, 18457, 18398, 0.9739367502726282, 0.9559516714525654, 0.9557560604413523
"m", 5, 6, 100, 87, "23/07/2019 19:43:06", 1563903786.66, 1.0, 18340, 18457, 18398, 0.9686477644492911, 0.9537844720160372, 0.9554299380367431
"l", 5, 5, 100, 98, "23/07/2019 19:43:19", 1563903799.22, 1.0, 18340, 18457, 18398, 0.9853326063249728, 0.9713387874519153, 0.9723339493423199
"m", 5, 6, 100, 88, "23/07/2019 19:43:45", 1563903825.53, 1.0, 18340, 18457, 18398, 0.9113413304252999, 0.8980332665113507, 0.8975975649527123
"l", 5, 5, 100, 99, "23/07/2019 19:43:53", 1563903833.94, 1.0, 18340, 18457, 18398, 0.9832606324972737, 0.9664084087338137, 0.9677138819436896
"m", 5, 6, 100, 89, "23/07/2019 19:44:24", 1563903864.42, 1.0, 18340, 18457, 18398, 0.9434023991275899, 0.9294576583410088, 0.9299380367431243
"l", 5, 5, 100, 100, "23/07/2019 19:44:28", 1563903868.64, 1.0, 18340, 18457, 18398, 0.9642311886586695, 0.949450073142981, 0.9473855853897163
"m", 5, 6, 100, 90, "23/07/2019 19:44:50", 1563903890.66, 1.0, 18340, 18457, 18398, 0.9546892039258451, 0.9396976756786043, 0.9405370148929232
"m", 5, 6, 100, 91, "23/07/2019 19:45:15", 1563903915.84, 1.0, 18340, 18457, 18398, 0.8979280261723009, 0.8855718697513139, 0.8888466137623655
"m", 5, 6, 100, 92, "23/07/2019 19:45:40", 1563903940.75, 1.0, 18340, 18457, 18398, 0.9693565976008724, 0.9549222517202145, 0.9579845635395151
"m", 5, 6, 100, 93, "23/07/2019 19:46:05", 1563903965.57, 1.0, 18340, 18457, 18398, 0.968102508178844, 0.952917592241426, 0.9567887813892815
"m", 5, 6, 100, 94, "23/07/2019 19:46:30", 1563903990.23, 1.0, 18340, 18457, 18398, 0.9525081788440567, 0.9394809557349515, 0.9391781715403849
"m", 5, 6, 100, 95, "23/07/2019 19:46:54", 1563904014.96, 1.0, 18340, 18457, 18398, 0.9526172300981461, 0.9402936555236495, 0.9404283074247201
"m", 5, 6, 100, 96, "23/07/2019 19:47:19", 1563904039.93, 1.0, 18340, 18457, 18398, 0.970010905125409, 0.9562225713821314, 0.9539623872160018
"m", 5, 6, 100, 97, "23/07/2019 19:47:44", 1563904064.79, 1.0, 18340, 18457, 18398, 0.9656488549618321, 0.9497751530584602, 0.951135993042722
"m", 5, 6, 100, 98, "23/07/2019 19:48:09", 1563904089.83, 1.0, 18340, 18457, 18398, 0.9753544165757906, 0.9581188708890935, 0.9604848353081856
"m", 5, 6, 100, 99, "23/07/2019 19:48:34", 1563904114.99, 1.0, 18340, 18457, 18398, 0.9534896401308615, 0.9408896353686949, 0.9387976954016741
"m", 5, 6, 100, 100, "23/07/2019 19:48:59", 1563904139.84, 1.0, 18340, 18457, 18398, 0.9557797164667393, 0.9386682559462535, 0.9366778997717143
