"g", 5, 3, 100, 1, "23/07/2019 16:16:22", 1563891382.15, 0.01, 183, 18457, 18398, 0.0, 0.000812699788698055, 0.0011414284161321883
"f", 5, 3, 100, 1, "23/07/2019 16:16:30", 1563891390.19, 0.05, 917, 18457, 18398, 0.1984732824427481, 0.07677304003900959, 0.07625828894445048
"e", 5, 3, 100, 1, "23/07/2019 16:16:37", 1563891397.69, 0.1, 1834, 18457, 18398, 0.3026172300981461, 0.05965216449043723, 0.05968040004348299
"g", 5, 3, 100, 2, "23/07/2019 16:17:06", 1563891426.8, 0.01, 183, 18457, 18398, 0.0, 0.0019504794928753319, 0.0020654418958582456
"d", 5, 3, 100, 1, "23/07/2019 16:17:09", 1563891429.81, 0.3, 5502, 18457, 18398, 0.19392948018902217, 0.10630113236170559, 0.1038156321339276
"f", 5, 3, 100, 2, "23/07/2019 16:17:22", 1563891442.67, 0.05, 917, 18457, 18398, 0.25190839694656486, 0.054234165899116865, 0.054353734101532776
"e", 5, 3, 100, 2, "23/07/2019 16:17:38", 1563891458.29, 0.1, 1834, 18457, 18398, 0.3064340239912759, 0.0650159830958444, 0.06506141971953473
"c", 5, 3, 100, 1, "23/07/2019 16:17:39", 1563891459.13, 0.5, 9170, 18457, 18398, 0.4800436205016358, 0.2439724765671561, 0.2429611914338515
"g", 5, 3, 100, 3, "23/07/2019 16:17:50", 1563891470.06, 0.01, 183, 18457, 18398, 0.08743169398907104, 0.02898629246356396, 0.03016632242635069
"b", 5, 3, 100, 1, "23/07/2019 16:17:52", 1563891472.84, 0.7, 12838, 18457, 18398, 0.5604455522667082, 0.422441350165249, 0.4239047722578541
"f", 5, 3, 100, 3, "23/07/2019 16:18:11", 1563891491.92, 0.05, 917, 18457, 18398, 0.302071973827699, 0.07644796012353036, 0.07506250679421676
"a", 5, 3, 100, 1, "23/07/2019 16:18:13", 1563891493.53, 1.0, 18340, 18457, 18398, 0.5356052344601963, 0.5364902205125427, 0.5376671377323622
"g", 5, 3, 100, 4, "23/07/2019 16:18:31", 1563891511.69, 0.01, 183, 18457, 18398, 0.1912568306010929, 0.07590616026439834, 0.07973692792694859
"e", 5, 3, 100, 3, "23/07/2019 16:18:36", 1563891516.88, 0.1, 1834, 18457, 18398, 0.5774263904034896, 0.16958335590832746, 0.1663224263506903
"d", 5, 3, 100, 2, "23/07/2019 16:18:44", 1563891524.68, 0.3, 5502, 18457, 18398, 0.5788804071246819, 0.2438099366094165, 0.24290683769974997
"f", 5, 3, 100, 4, "23/07/2019 16:19:00", 1563891540.55, 0.05, 917, 18457, 18398, 0.4721919302071974, 0.10863087175597334, 0.10702250244591803
"g", 5, 3, 100, 5, "23/07/2019 16:19:16", 1563891556.88, 0.01, 183, 18457, 18398, 0.20218579234972678, 0.08262447851763559, 0.08587889988042179
"e", 5, 3, 100, 4, "23/07/2019 16:19:36", 1563891576.4, 0.1, 1834, 18457, 18398, 0.574154852780807, 0.18659587148507342, 0.18866181106642027
"c", 5, 3, 100, 2, "23/07/2019 16:19:36", 1563891576.77, 0.5, 9170, 18457, 18398, 0.4868047982551799, 0.2591970526087663, 0.2597021415371236
"f", 5, 3, 100, 5, "23/07/2019 16:19:50", 1563891590.17, 0.05, 917, 18457, 18398, 0.5539803707742639, 0.15918079861299236, 0.15409283617784542
"g", 5, 3, 100, 6, "23/07/2019 16:19:59", 1563891599.29, 0.01, 183, 18457, 18398, 0.18579234972677597, 0.09010131657365769, 0.09060767474725513
"b", 5, 3, 100, 2, "23/07/2019 16:20:11", 1563891611.05, 0.7, 12838, 18457, 18398, 0.5862283844835644, 0.44774340358671505, 0.44934231981737144
"d", 5, 3, 100, 3, "23/07/2019 16:20:16", 1563891616.9, 0.3, 5502, 18457, 18398, 0.5863322428207924, 0.24446009644037492, 0.2437764974453745
"e", 5, 3, 100, 5, "23/07/2019 16:20:33", 1563891633.53, 0.1, 1834, 18457, 18398, 0.6570338058887677, 0.22419678170883675, 0.22660071746929014
"f", 5, 3, 100, 6, "23/07/2019 16:20:41", 1563891641.62, 0.05, 917, 18457, 18398, 0.5899672846237731, 0.19114699030178253, 0.18844439613001412
"g", 5, 3, 100, 7, "23/07/2019 16:20:42", 1563891642.6, 0.01, 183, 18457, 18398, 0.1912568306010929, 0.09411063553123476, 0.09446678986846396
"a", 5, 3, 100, 2, "23/07/2019 16:20:43", 1563891643.41, 1.0, 18340, 18457, 18398, 0.5889312977099237, 0.5841686081161619, 0.5858245461463203
"g", 5, 3, 100, 8, "23/07/2019 16:21:28", 1563891688.3, 0.01, 183, 18457, 18398, 0.19672131147540983, 0.09925773419298911, 0.09897814979889119
"f", 5, 3, 100, 7, "23/07/2019 16:21:33", 1563891693.58, 0.05, 917, 18457, 18398, 0.608505997818975, 0.19997832800563473, 0.1992064354821176
"e", 5, 3, 100, 6, "23/07/2019 16:21:35", 1563891695.6, 0.1, 1834, 18457, 18398, 0.6739367502726281, 0.22370916183561793, 0.22350255462550278
"c", 5, 3, 100, 3, "23/07/2019 16:21:35", 1563891695.83, 0.5, 9170, 18457, 18398, 0.5257360959651036, 0.4071084141518123, 0.4056962713338406
"d", 5, 3, 100, 4, "23/07/2019 16:21:50", 1563891710.56, 0.3, 5502, 18457, 18398, 0.5934205743366049, 0.24597713604594462, 0.2450809870638113
"g", 5, 3, 100, 9, "23/07/2019 16:22:14", 1563891734.62, 0.01, 183, 18457, 18398, 0.19672131147540983, 0.06198190388470499, 0.06391999130340255
"b", 5, 3, 100, 3, "23/07/2019 16:22:23", 1563891743.93, 0.7, 12838, 18457, 18398, 0.6000155787505842, 0.4537573820230807, 0.4557017067072508
"f", 5, 3, 100, 8, "23/07/2019 16:22:26", 1563891746.24, 0.05, 917, 18457, 18398, 0.6270447110141767, 0.22815192068050064, 0.22643765626698553
"e", 5, 3, 100, 7, "23/07/2019 16:22:35", 1563891755.98, 0.1, 1834, 18457, 18398, 0.6799345692475464, 0.22863954055371946, 0.22877486683335146
"g", 5, 3, 100, 10, "23/07/2019 16:22:57", 1563891777.74, 0.01, 183, 18457, 18398, 0.19672131147540983, 0.054179985913203665, 0.054353734101532776
"a", 5, 3, 100, 3, "23/07/2019 16:23:13", 1563891793.6, 1.0, 18340, 18457, 18398, 0.6776444929116685, 0.6649509671127486, 0.6669203174258072
"f", 5, 3, 100, 9, "23/07/2019 16:23:17", 1563891797.14, 0.05, 917, 18457, 18398, 0.6444929116684842, 0.22267974210326705, 0.22121969779323838
"d", 5, 3, 100, 5, "23/07/2019 16:23:18", 1563891798.61, 0.3, 5502, 18457, 18398, 0.5994183933115231, 0.24749417565151433, 0.2469290140232634
"e", 5, 3, 100, 8, "23/07/2019 16:23:31", 1563891811.87, 0.1, 1834, 18457, 18398, 0.6848418756815703, 0.22836864062415344, 0.22812262202413305
"c", 5, 3, 100, 4, "23/07/2019 16:23:36", 1563891816.65, 0.5, 9170, 18457, 18398, 0.5386041439476554, 0.4182694912499323, 0.4172192629633656
"g", 5, 3, 100, 11, "23/07/2019 16:23:41", 1563891821.16, 0.01, 183, 18457, 18398, 0.366120218579235, 0.08831337703852198, 0.08865094031959996
"f", 5, 3, 100, 10, "23/07/2019 16:24:04", 1563891844.81, 0.05, 917, 18457, 18398, 0.6597600872410033, 0.2249553015116216, 0.22225241874116752
"g", 5, 3, 100, 12, "23/07/2019 16:24:23", 1563891863.18, 0.01, 183, 18457, 18398, 0.2786885245901639, 0.054179985913203665, 0.054353734101532776
"e", 5, 3, 100, 9, "23/07/2019 16:24:28", 1563891868.26, 0.1, 1834, 18457, 18398, 0.6853871319520175, 0.22983150024380994, 0.2296988803130775
"b", 5, 3, 100, 4, "23/07/2019 16:24:42", 1563891882.41, 0.7, 12838, 18457, 18398, 0.6281352235550709, 0.46323887955789134, 0.46755082074138493
"d", 5, 3, 100, 6, "23/07/2019 16:24:50", 1563891890.95, 0.3, 5502, 18457, 18398, 0.6105052708106143, 0.24976973505986888, 0.2483965648440048
"f", 5, 3, 100, 11, "23/07/2019 16:24:53", 1563891893.75, 0.05, 917, 18457, 18398, 0.6575790621592148, 0.23302811941268894, 0.2333405804978802
"g", 5, 3, 100, 13, "23/07/2019 16:25:08", 1563891908.77, 0.01, 183, 18457, 18398, 0.2786885245901639, 0.054179985913203665, 0.054353734101532776
"e", 5, 3, 100, 10, "23/07/2019 16:25:29", 1563891929.29, 0.1, 1834, 18457, 18398, 0.6913849509269356, 0.22983150024380994, 0.22942711164256985
"c", 5, 3, 100, 5, "23/07/2019 16:25:34", 1563891934.79, 0.5, 9170, 18457, 18398, 0.5562704471101417, 0.4248794495313431, 0.42368735732144797
"f", 5, 3, 100, 12, "23/07/2019 16:25:46", 1563891946.72, 0.05, 917, 18457, 18398, 0.6695747001090513, 0.23010240017337596, 0.2303511251222959
"a", 5, 3, 100, 4, "23/07/2019 16:25:51", 1563891951.0, 1.0, 18340, 18457, 18398, 0.7150490730643403, 0.6972964187029311, 0.6974671159908685
"g", 5, 3, 100, 14, "23/07/2019 16:25:53", 1563891953.55, 0.01, 183, 18457, 18398, 0.2786885245901639, 0.054179985913203665, 0.054353734101532776
"d", 5, 3, 100, 7, "23/07/2019 16:26:22", 1563891982.9, 0.3, 5502, 18457, 18398, 0.6163213376953834, 0.2518827545104838, 0.2500815306011523
"e", 5, 3, 100, 11, "23/07/2019 16:26:25", 1563891985.83, 0.1, 1834, 18457, 18398, 0.6902944383860414, 0.23102345993390042, 0.22997064898358519
"f", 5, 3, 100, 13, "23/07/2019 16:26:33", 1563891993.98, 0.05, 917, 18457, 18398, 0.6641221374045801, 0.2306983800184212, 0.23143819980432656
"g", 5, 3, 100, 15, "23/07/2019 16:26:36", 1563891996.54, 0.01, 183, 18457, 18398, 0.2786885245901639, 0.054179985913203665, 0.054353734101532776
"b", 5, 3, 100, 5, "23/07/2019 16:26:55", 1563892015.98, 0.7, 12838, 18457, 18398, 0.6603832372643714, 0.48718643333152734, 0.488368300902272
"g", 5, 3, 100, 16, "23/07/2019 16:27:19", 1563892039.45, 0.01, 183, 18457, 18398, 0.2786885245901639, 0.05434252587094327, 0.054408087835634306
"f", 5, 3, 100, 14, "23/07/2019 16:27:23", 1563892043.07, 0.05, 917, 18457, 18398, 0.6684841875681571, 0.2321612396380777, 0.2320360908794434
"e", 5, 3, 100, 12, "23/07/2019 16:27:26", 1563892046.58, 0.1, 1834, 18457, 18398, 0.7017448200654307, 0.23096927994798722, 0.23040547885639742
"c", 5, 3, 100, 6, "23/07/2019 16:27:35", 1563892055.97, 0.5, 9170, 18457, 18398, 0.5854961832061069, 0.44053746546025896, 0.43988477008370475
"d", 5, 3, 100, 8, "23/07/2019 16:27:56", 1563892076.17, 0.3, 5502, 18457, 18398, 0.6441294074881861, 0.2564338733271929, 0.25595173388411785
"g", 5, 3, 100, 17, "23/07/2019 16:28:03", 1563892083.79, 0.01, 183, 18457, 18398, 0.4371584699453552, 0.06171100395513897, 0.06228937928035656
"f", 5, 3, 100, 15, "23/07/2019 16:28:15", 1563892095.09, 0.05, 917, 18457, 18398, 0.6695747001090513, 0.23552039876469633, 0.23524296119143384
"e", 5, 3, 100, 13, "23/07/2019 16:28:24", 1563892104.22, 0.1, 1834, 18457, 18398, 0.7066521264994547, 0.2323237795958173, 0.22991629524948365
"a", 5, 3, 100, 5, "23/07/2019 16:28:24", 1563892104.94, 1.0, 18340, 18457, 18398, 0.7347873500545257, 0.7111664950967113, 0.7163278617241005
"g", 5, 3, 100, 18, "23/07/2019 16:28:46", 1563892126.41, 0.01, 183, 18457, 18398, 0.47540983606557374, 0.06593704285636885, 0.06582237199695619
"f", 5, 3, 100, 16, "23/07/2019 16:29:04", 1563892144.27, 0.05, 917, 18457, 18398, 0.6750272628135223, 0.23627891856748118, 0.23556908359604306
"b", 5, 3, 100, 6, "23/07/2019 16:29:09", 1563892149.18, 0.7, 12838, 18457, 18398, 0.6838292568935971, 0.49964783009156416, 0.5033155777801935
"e", 5, 3, 100, 14, "23/07/2019 16:29:22", 1563892162.1, 0.1, 1834, 18457, 18398, 0.7115594329334788, 0.2336782792436474, 0.23187302967713883
"d", 5, 3, 100, 9, "23/07/2019 16:29:27", 1563892167.72, 0.3, 5502, 18457, 18398, 0.6555797891675754, 0.2586010727637211, 0.2588868355256006
"g", 5, 3, 100, 19, "23/07/2019 16:29:32", 1563892172.06, 0.01, 183, 18457, 18398, 0.5245901639344263, 0.06723736251828574, 0.06652897054027612
"c", 5, 3, 100, 7, "23/07/2019 16:29:40", 1563892180.05, 0.5, 9170, 18457, 18398, 0.6381679389312978, 0.4587419407270954, 0.4572236112620937
"f", 5, 3, 100, 17, "23/07/2019 16:29:55", 1563892195.16, 0.05, 917, 18457, 18398, 0.6804798255179935, 0.23340737931408137, 0.23241656701815414
"g", 5, 3, 100, 20, "23/07/2019 16:30:17", 1563892217.48, 0.01, 183, 18457, 18398, 0.5245901639344263, 0.07785663975727367, 0.07642135014675508
"e", 5, 3, 100, 15, "23/07/2019 16:30:24", 1563892224.95, 0.1, 1834, 18457, 18398, 0.7219193020719739, 0.23470769897599827, 0.23377541037069247
"f", 5, 3, 100, 18, "23/07/2019 16:30:43", 1563892243.44, 0.05, 917, 18457, 18398, 0.6804798255179935, 0.23562875873652273, 0.23573214479834764
"a", 5, 3, 100, 6, "23/07/2019 16:31:02", 1563892262.73, 1.0, 18340, 18457, 18398, 0.776226826608506, 0.7525058243484857, 0.7544298293292749
"g", 5, 3, 100, 21, "23/07/2019 16:31:02", 1563892262.98, 0.01, 183, 18457, 18398, 0.546448087431694, 0.09389391558758195, 0.0932166539841287
"d", 5, 3, 100, 10, "23/07/2019 16:31:03", 1563892263.31, 0.3, 5502, 18457, 18398, 0.6762995274445656, 0.26396489136912826, 0.26377867159473856
"e", 5, 3, 100, 16, "23/07/2019 16:31:23", 1563892283.14, 0.1, 1834, 18457, 18398, 0.7322791712104689, 0.23779595817305088, 0.23551472986194152
"b", 5, 3, 100, 7, "23/07/2019 16:31:28", 1563892288.48, 0.7, 12838, 18457, 18398, 0.7295528898582334, 0.5298260822452187, 0.5288618328079139
"f", 5, 3, 100, 19, "23/07/2019 16:31:33", 1563892293.14, 0.05, 917, 18457, 18398, 0.6826608505997819, 0.23405753914503982, 0.23410153277530166
"c", 5, 3, 100, 8, "23/07/2019 16:31:35", 1563892295.58, 0.5, 9170, 18457, 18398, 0.6866957470010905, 0.4748875765292301, 0.4760843569953256
"g", 5, 3, 100, 22, "23/07/2019 16:31:47", 1563892307.11, 0.01, 183, 18457, 18398, 0.5628415300546448, 0.10863087175597334, 0.10740297858462876
"f", 5, 3, 100, 20, "23/07/2019 16:32:26", 1563892346.01, 0.05, 917, 18457, 18398, 0.693565976008724, 0.23774177818713768, 0.23703663441678444
"e", 5, 3, 100, 17, "23/07/2019 16:32:28", 1563892348.11, 0.1, 1834, 18457, 18398, 0.7437295528898582, 0.2384461180040093, 0.2361669746711599
"g", 5, 3, 100, 23, "23/07/2019 16:32:35", 1563892355.11, 0.01, 183, 18457, 18398, 0.5901639344262295, 0.11973776886818009, 0.11571909990216328
"d", 5, 3, 100, 11, "23/07/2019 16:32:39", 1563892359.37, 0.3, 5502, 18457, 18398, 0.7119229371137769, 0.27171262935471635, 0.2729644526578976
"f", 5, 3, 100, 21, "23/07/2019 16:33:20", 1563892400.24, 0.05, 917, 18457, 18398, 0.6913849509269356, 0.23806685810261688, 0.23725404935319055
"g", 5, 3, 100, 24, "23/07/2019 16:33:20", 1563892400.89, 0.01, 183, 18457, 18398, 0.5956284153005464, 0.12347618789619115, 0.12082835090770735
"e", 5, 3, 100, 18, "23/07/2019 16:33:28", 1563892408.34, 0.1, 1834, 18457, 18398, 0.7502726281352236, 0.2398006176518394, 0.23725404935319055
"a", 5, 3, 100, 7, "23/07/2019 16:33:41", 1563892421.39, 1.0, 18340, 18457, 18398, 0.7966739367502726, 0.7670260605732242, 0.768616153929775
"c", 5, 3, 100, 9, "23/07/2019 16:33:46", 1563892426.49, 0.5, 9170, 18457, 18398, 0.728680479825518, 0.4957468711058135, 0.49554299380367434
"b", 5, 3, 100, 8, "23/07/2019 16:33:51", 1563892431.12, 0.7, 12838, 18457, 18398, 0.7472347717713039, 0.541908219103863, 0.5449505381019676
"g", 5, 3, 100, 25, "23/07/2019 16:34:06", 1563892446.39, 0.01, 183, 18457, 18398, 0.5956284153005464, 0.12672698705098337, 0.12517664963582997
"f", 5, 3, 100, 22, "23/07/2019 16:34:15", 1563892455.43, 0.05, 917, 18457, 18398, 0.7033805888767721, 0.24034241751097143, 0.23921078378084573
"d", 5, 3, 100, 12, "23/07/2019 16:34:15", 1563892455.56, 0.3, 5502, 18457, 18398, 0.72264631043257, 0.27393400877715773, 0.2744863572127405
"e", 5, 3, 100, 19, "23/07/2019 16:34:35", 1563892475.8, 0.1, 1834, 18457, 18398, 0.7611777535441657, 0.2422928970038468, 0.23975432112186107
"g", 5, 3, 100, 26, "23/07/2019 16:34:58", 1563892499.0, 0.01, 183, 18457, 18398, 0.6010928961748634, 0.12461396760036843, 0.12365474508098706
"f", 5, 3, 100, 23, "23/07/2019 16:35:11", 1563892511.34, 0.05, 917, 18457, 18398, 0.7110141766630316, 0.2413176572574091, 0.2401347972605718
"e", 5, 3, 100, 20, "23/07/2019 16:35:39", 1563892539.9, 0.1, 1834, 18457, 18398, 0.777535441657579, 0.24213035704610716, 0.23904772257854115
"c", 5, 3, 100, 10, "23/07/2019 16:35:50", 1563892550.58, 0.5, 9170, 18457, 18398, 0.765103598691385, 0.5136262664571707, 0.5123926513751494
"g", 5, 3, 100, 27, "23/07/2019 16:35:50", 1563892550.62, 0.01, 183, 18457, 18398, 0.6010928961748634, 0.12493904751584764, 0.12398086748559627
"d", 5, 3, 100, 13, "23/07/2019 16:35:55", 1563892555.63, 0.3, 5502, 18457, 18398, 0.7322791712104689, 0.2783225876361272, 0.27905207087726924
"f", 5, 3, 100, 24, "23/07/2019 16:36:02", 1563892562.61, 0.05, 917, 18457, 18398, 0.7186477644492911, 0.24175109714471474, 0.24084139580389172
"b", 5, 3, 100, 9, "23/07/2019 16:36:11", 1563892571.55, 0.7, 12838, 18457, 18398, 0.7735628602586072, 0.5609795741453107, 0.561419719534732
"a", 5, 3, 100, 8, "23/07/2019 16:36:25", 1563892585.06, 1.0, 18340, 18457, 18398, 0.8169574700109051, 0.784797095952755, 0.786063702576367
"g", 5, 3, 100, 28, "23/07/2019 16:36:41", 1563892601.76, 0.01, 183, 18457, 18398, 0.6120218579234973, 0.12623936717776454, 0.12544841830633766
"e", 5, 3, 100, 21, "23/07/2019 16:36:44", 1563892604.71, 0.1, 1834, 18457, 18398, 0.7742639040348964, 0.24055913745462426, 0.23790629416240897
"f", 5, 3, 100, 25, "23/07/2019 16:36:57", 1563892617.71, 0.05, 917, 18457, 18398, 0.7099236641221374, 0.2438099366094165, 0.24285248396564843
"g", 5, 3, 100, 29, "23/07/2019 16:37:28", 1563892648.66, 0.01, 183, 18457, 18398, 0.6120218579234973, 0.12764804681150782, 0.12729644526578976
"d", 5, 3, 100, 14, "23/07/2019 16:37:37", 1563892657.73, 0.3, 5502, 18457, 18398, 0.7593602326426754, 0.2826569865091835, 0.28448744428742256
"e", 5, 3, 100, 22, "23/07/2019 16:37:45", 1563892665.11, 0.1, 1834, 18457, 18398, 0.7900763358778626, 0.2486861353416048, 0.24551581693662355
"f", 5, 3, 100, 26, "23/07/2019 16:37:45", 1563892665.8, 0.05, 917, 18457, 18398, 0.7131952017448201, 0.24527279622907297, 0.24399391238178064
"c", 5, 3, 100, 11, "23/07/2019 16:37:47", 1563892667.13, 0.5, 9170, 18457, 18398, 0.7884405670665212, 0.5229452240342417, 0.5229916295249484
"g", 5, 3, 100, 30, "23/07/2019 16:38:14", 1563892694.52, 0.01, 183, 18457, 18398, 0.6120218579234973, 0.1285691065720323, 0.1283835199478204
"b", 5, 3, 100, 10, "23/07/2019 16:38:30", 1563892710.63, 0.7, 12838, 18457, 18398, 0.7931920859947033, 0.574903830525004, 0.5754973366670291
"f", 5, 3, 100, 27, "23/07/2019 16:38:36", 1563892716.7, 0.05, 917, 18457, 18398, 0.7230098146128681, 0.24651893590507667, 0.2445918034568975
"e", 5, 3, 100, 23, "23/07/2019 16:38:40", 1563892720.09, 0.1, 1834, 18457, 18398, 0.7960741548527808, 0.24906539524299723, 0.2455701706707251
"g", 5, 3, 100, 31, "23/07/2019 16:38:57", 1563892737.02, 0.01, 183, 18457, 18398, 0.6120218579234973, 0.1287858265156851, 0.12876399608653114
"a", 5, 3, 100, 9, "23/07/2019 16:38:59", 1563892739.57, 1.0, 18340, 18457, 18398, 0.83773173391494, 0.8036517310505499, 0.8044896184367866
"d", 5, 3, 100, 15, "23/07/2019 16:39:04", 1563892744.97, 0.3, 5502, 18457, 18398, 0.7800799709196655, 0.2894836647342472, 0.2920426133275356
"f", 5, 3, 100, 28, "23/07/2019 16:39:24", 1563892764.15, 0.05, 917, 18457, 18398, 0.7273718647764449, 0.24364739665167687, 0.24258071529514078
"e", 5, 3, 100, 24, "23/07/2019 16:39:42", 1563892782.76, 0.1, 1834, 18457, 18398, 0.802071973827699, 0.24890285528525763, 0.24524404826611587
"g", 5, 3, 100, 32, "23/07/2019 16:39:43", 1563892783.54, 0.01, 183, 18457, 18398, 0.6120218579234973, 0.1317657257409113, 0.1305033155777802
"c", 5, 3, 100, 12, "23/07/2019 16:39:47", 1563892787.05, 0.5, 9170, 18457, 18398, 0.7962922573609597, 0.5276047028227773, 0.5297858462876399
"f", 5, 3, 100, 29, "23/07/2019 16:40:21", 1563892821.99, 0.05, 917, 18457, 18398, 0.737186477644493, 0.24678983583464267, 0.2452984020002174
"g", 5, 3, 100, 33, "23/07/2019 16:40:32", 1563892832.38, 0.01, 183, 18457, 18398, 0.6120218579234973, 0.13452890502248468, 0.13376453962387216
"d", 5, 3, 100, 16, "23/07/2019 16:40:42", 1563892842.18, 0.3, 5502, 18457, 18398, 0.7913486005089059, 0.29381806360730345, 0.2941624089574954
"e", 5, 3, 100, 25, "23/07/2019 16:40:45", 1563892845.12, 0.1, 1834, 18457, 18398, 0.8058887677208287, 0.2502573549330877, 0.24687466028916186
"b", 5, 3, 100, 11, "23/07/2019 16:40:50", 1563892850.75, 0.7, 12838, 18457, 18398, 0.8048761489328556, 0.5888822668906106, 0.5890314164583107
"f", 5, 3, 100, 30, "23/07/2019 16:41:17", 1563892877.17, 0.05, 917, 18457, 18398, 0.7415485278080698, 0.24879449531343123, 0.24589629307533428
"g", 5, 3, 100, 34, "23/07/2019 16:41:22", 1563892882.7, 0.01, 183, 18457, 18398, 0.6229508196721312, 0.13940510375467302, 0.13756930101097944
"a", 5, 3, 100, 10, "23/07/2019 16:41:39", 1563892899.47, 1.0, 18340, 18457, 18398, 0.8337513631406761, 0.798883892290188, 0.8001956734427655
"e", 5, 3, 100, 26, "23/07/2019 16:41:49", 1563892909.7, 0.1, 1834, 18457, 18398, 0.8162486368593239, 0.2503657149049141, 0.24698336775736493
"c", 5, 3, 100, 13, "23/07/2019 16:41:50", 1563892910.96, 0.5, 9170, 18457, 18398, 0.8262813522355507, 0.5435336186812592, 0.5439178171540385
"g", 5, 3, 100, 35, "23/07/2019 16:42:06", 1563892926.03, 0.01, 183, 18457, 18398, 0.6229508196721312, 0.14157230319120118, 0.14001521904554842
"f", 5, 3, 100, 31, "23/07/2019 16:42:06", 1563892926.64, 0.05, 917, 18457, 18398, 0.7513631406761178, 0.248740315327518, 0.24725513642787258
"d", 5, 3, 100, 17, "23/07/2019 16:42:15", 1563892935.16, 0.3, 5502, 18457, 18398, 0.8011632133769538, 0.295822723086092, 0.29677138819436893
"e", 5, 3, 100, 27, "23/07/2019 16:42:52", 1563892972.46, 0.1, 1834, 18457, 18398, 0.8287895310796074, 0.25101587473587256, 0.24774432003478639
"g", 5, 3, 100, 36, "23/07/2019 16:42:55", 1563892975.98, 0.01, 183, 18457, 18398, 0.6338797814207651, 0.14146394321937475, 0.14072181758886834
"f", 5, 3, 100, 32, "23/07/2019 16:42:59", 1563892979.54, 0.05, 917, 18457, 18398, 0.7579062159214831, 0.25020317494717453, 0.2476356125665833
"b", 5, 3, 100, 12, "23/07/2019 16:43:16", 1563892996.64, 0.7, 12838, 18457, 18398, 0.8312821311730799, 0.5980928644958552, 0.6034351559952169
"g", 5, 3, 100, 37, "23/07/2019 16:43:42", 1563893022.74, 0.01, 183, 18457, 18398, 0.6338797814207651, 0.14438966245868776, 0.14284161321882813
"f", 5, 3, 100, 33, "23/07/2019 16:43:54", 1563893034.01, 0.05, 917, 18457, 18398, 0.7600872410032715, 0.24966137508804248, 0.24730949016197412
"d", 5, 3, 100, 18, "23/07/2019 16:43:54", 1563893034.58, 0.3, 5502, 18457, 18398, 0.8282442748091603, 0.3060085604377743, 0.30503315577780193
"e", 5, 3, 100, 28, "23/07/2019 16:43:56", 1563893036.78, 0.1, 1834, 18457, 18398, 0.8380588876772083, 0.25172021455274424, 0.24877704098271552
"c", 5, 3, 100, 14, "23/07/2019 16:44:00", 1563893040.79, 0.5, 9170, 18457, 18398, 0.8327153762268266, 0.5335645012732296, 0.5302750298945538
"a", 5, 3, 100, 11, "23/07/2019 16:44:19", 1563893059.63, 1.0, 18340, 18457, 18398, 0.8625954198473282, 0.8255946253453974, 0.8273725404935319
"g", 5, 3, 100, 38, "23/07/2019 16:44:31", 1563893071.37, 0.01, 183, 18457, 18398, 0.644808743169399, 0.14590670206425746, 0.14501576258288945
"f", 5, 3, 100, 34, "23/07/2019 16:44:46", 1563893086.43, 0.05, 917, 18457, 18398, 0.7840785169029444, 0.25123259467952536, 0.24834221110990326
"e", 5, 3, 100, 29, "23/07/2019 16:45:04", 1563893104.84, 0.1, 1834, 18457, 18398, 0.8500545256270448, 0.2509616947499594, 0.24807044243939558
"g", 5, 3, 100, 39, "23/07/2019 16:45:21", 1563893121.37, 0.01, 183, 18457, 18398, 0.6721311475409836, 0.14558162214877823, 0.14463528644417872
"b", 5, 3, 100, 13, "23/07/2019 16:45:35", 1563893135.54, 0.7, 12838, 18457, 18398, 0.8400841252531547, 0.6118004009318958, 0.6174040656593108
"d", 5, 3, 100, 19, "23/07/2019 16:45:37", 1563893137.42, 0.3, 5502, 18457, 18398, 0.8393311523082515, 0.3079590399306496, 0.3072616588759648
"f", 5, 3, 100, 35, "23/07/2019 16:45:42", 1563893142.47, 0.05, 917, 18457, 18398, 0.8037077426390403, 0.25182857452457064, 0.24932057832373083
"e", 5, 3, 100, 30, "23/07/2019 16:46:04", 1563893164.04, 0.1, 1834, 18457, 18398, 0.8538713195201745, 0.2515576745950046, 0.2474181976301772
"c", 5, 3, 100, 15, "23/07/2019 16:46:07", 1563893167.26, 0.5, 9170, 18457, 18398, 0.8577971646673936, 0.5588123747087825, 0.5598434612457875
"g", 5, 3, 100, 40, "23/07/2019 16:46:08", 1563893168.01, 0.01, 183, 18457, 18398, 0.6775956284153005, 0.14563580213469143, 0.14360256549624958
"f", 5, 3, 100, 36, "23/07/2019 16:46:33", 1563893193.07, 0.05, 917, 18457, 18398, 0.8047982551799345, 0.25231619439778946, 0.24883139471681703
"g", 5, 3, 100, 41, "23/07/2019 16:46:55", 1563893215.13, 0.01, 183, 18457, 18398, 0.6830601092896175, 0.14601506203608386, 0.14322208935753886
"a", 5, 3, 100, 12, "23/07/2019 16:46:55", 1563893215.51, 1.0, 18340, 18457, 18398, 0.8633587786259542, 0.8271116649509671, 0.8325904989672791
"e", 5, 3, 100, 31, "23/07/2019 16:47:02", 1563893222.08, 0.1, 1834, 18457, 18398, 0.8587786259541985, 0.2515576745950046, 0.24828785737580172
"d", 5, 3, 100, 20, "23/07/2019 16:47:14", 1563893234.0, 0.3, 5502, 18457, 18398, 0.8402399127589967, 0.31034295931083056, 0.30688118273725407
"f", 5, 3, 100, 37, "23/07/2019 16:47:24", 1563893244.57, 0.05, 917, 18457, 18398, 0.8157033805888768, 0.25209947445413666, 0.24997282313294925
"g", 5, 3, 100, 42, "23/07/2019 16:47:41", 1563893261.07, 0.01, 183, 18457, 18398, 0.7049180327868853, 0.1461234220079103, 0.14403739536906185
"b", 5, 3, 100, 14, "23/07/2019 16:47:58", 1563893278.49, 0.7, 12838, 18457, 18398, 0.8449135379342577, 0.6153762800021672, 0.6160452223067725
"e", 5, 3, 100, 32, "23/07/2019 16:48:02", 1563893282.25, 0.1, 1834, 18457, 18398, 0.8756815703380589, 0.25356233407379314, 0.24997282313294925
"c", 5, 3, 100, 16, "23/07/2019 16:48:12", 1563893292.97, 0.5, 9170, 18457, 18398, 0.8631406761177753, 0.561575553990356, 0.5620176106098489
"f", 5, 3, 100, 38, "23/07/2019 16:48:17", 1563893297.37, 0.05, 917, 18457, 18398, 0.8276990185387132, 0.2530747142005743, 0.2506250679421676
"g", 5, 3, 100, 43, "23/07/2019 16:48:25", 1563893305.53, 0.01, 183, 18457, 18398, 0.7049180327868853, 0.1466110418811291, 0.1447983476464833
"d", 5, 3, 100, 21, "23/07/2019 16:48:52", 1563893332.8, 0.3, 5502, 18457, 18398, 0.8551435841512177, 0.31462317819797364, 0.31372975323404717
"e", 5, 3, 100, 33, "23/07/2019 16:49:06", 1563893346.25, 0.1, 1834, 18457, 18398, 0.8784078516902945, 0.2545375738202308, 0.25078812914447224
"f", 5, 3, 100, 39, "23/07/2019 16:49:12", 1563893352.73, 0.05, 917, 18457, 18398, 0.8287895310796074, 0.2531288941864875, 0.24980976193064464
"g", 5, 3, 100, 44, "23/07/2019 16:49:14", 1563893354.11, 0.01, 183, 18457, 18398, 0.6994535519125683, 0.15159560058514385, 0.1497445374497228
"a", 5, 3, 100, 13, "23/07/2019 16:49:36", 1563893376.88, 1.0, 18340, 18457, 18398, 0.8810796074154853, 0.8402774015278756, 0.8419936949668442
"g", 5, 3, 100, 45, "23/07/2019 16:49:59", 1563893399.3, 0.01, 183, 18457, 18398, 0.7103825136612022, 0.15175814054288345, 0.14936406131101207
"f", 5, 3, 100, 40, "23/07/2019 16:50:03", 1563893403.02, 0.05, 917, 18457, 18398, 0.8276990185387132, 0.25361651405970637, 0.2507337754103707
"e", 5, 3, 100, 34, "23/07/2019 16:50:10", 1563893410.68, 0.1, 1834, 18457, 18398, 0.8876772082878953, 0.2559462534539741, 0.25116860528318297
"b", 5, 3, 100, 15, "23/07/2019 16:50:19", 1563893419.11, 0.7, 12838, 18457, 18398, 0.8581554759308303, 0.6293547163677737, 0.6332210022828568
"c", 5, 3, 100, 17, "23/07/2019 16:50:21", 1563893421.55, 0.5, 9170, 18457, 18398, 0.8726281352235551, 0.5681313322858536, 0.5700619632568757
"d", 5, 3, 100, 22, "23/07/2019 16:50:34", 1563893434.67, 0.3, 5502, 18457, 18398, 0.8702290076335878, 0.31917429701468275, 0.3199260789216219
"g", 5, 3, 100, 46, "23/07/2019 16:50:47", 1563893447.37, 0.01, 183, 18457, 18398, 0.7213114754098361, 0.15338354012027958, 0.15061419719534733
"f", 5, 3, 100, 41, "23/07/2019 16:50:58", 1563893458.27, 0.05, 917, 18457, 18398, 0.8549618320610687, 0.2547001137779704, 0.25165778889009677
"e", 5, 3, 100, 35, "23/07/2019 16:51:15", 1563893475.74, 0.1, 1834, 18457, 18398, 0.8925845147219194, 0.2571382131440646, 0.25279921730622895
"g", 5, 3, 100, 47, "23/07/2019 16:51:33", 1563893493.89, 0.01, 183, 18457, 18398, 0.7213114754098361, 0.1552256596413285, 0.1530601152299163
"f", 5, 3, 100, 42, "23/07/2019 16:51:47", 1563893507.7, 0.05, 917, 18457, 18398, 0.8560523446019629, 0.2549168337216232, 0.25176649635829984
"d", 5, 3, 100, 23, "23/07/2019 16:52:04", 1563893524.28, 0.3, 5502, 18457, 18398, 0.88113413304253, 0.32589261526792, 0.32215458201978475
"a", 5, 3, 100, 14, "23/07/2019 16:52:08", 1563893528.9, 1.0, 18340, 18457, 18398, 0.8921483097055616, 0.8526304383160861, 0.8559082508968366
"e", 5, 3, 100, 36, "23/07/2019 16:52:10", 1563893530.26, 0.1, 1834, 18457, 18398, 0.8947655398037078, 0.2566505932708458, 0.2517121426241983
"g", 5, 3, 100, 48, "23/07/2019 16:52:15", 1563893535.33, 0.01, 183, 18457, 18398, 0.726775956284153, 0.1569052392046378, 0.15517991085987606
"c", 5, 3, 100, 18, "23/07/2019 16:52:21", 1563893541.72, 0.5, 9170, 18457, 18398, 0.8858233369683751, 0.562117353849488, 0.5629959778236765
"b", 5, 3, 100, 16, "23/07/2019 16:52:32", 1563893552.85, 0.7, 12838, 18457, 18398, 0.8674248325284312, 0.6329847754239584, 0.6383846070225024
"f", 5, 3, 100, 43, "23/07/2019 16:52:39", 1563893559.32, 0.05, 917, 18457, 18398, 0.8549618320610687, 0.2544833938343176, 0.2522013262311121
"g", 5, 3, 100, 49, "23/07/2019 16:53:00", 1563893580.67, 0.01, 183, 18457, 18398, 0.7377049180327869, 0.1570677791623774, 0.15528861832807914
"e", 5, 3, 100, 37, "23/07/2019 16:53:09", 1563893589.58, 0.1, 1834, 18457, 18398, 0.8996728462377317, 0.25973885246789835, 0.25448418306337645
"f", 5, 3, 100, 44, "23/07/2019 16:53:28", 1563893608.12, 0.05, 917, 18457, 18398, 0.8636859323882224, 0.2546459337920572, 0.2525818023698228
"d", 5, 3, 100, 24, "23/07/2019 16:53:38", 1563893618.51, 0.3, 5502, 18457, 18398, 0.8898582333696837, 0.3281139946903614, 0.3251983911294706
"g", 5, 3, 100, 50, "23/07/2019 16:53:44", 1563893624.71, 0.01, 183, 18457, 18398, 0.73224043715847, 0.1594516985425584, 0.15713664528753124
"e", 5, 3, 100, 38, "23/07/2019 16:54:07", 1563893647.15, 0.1, 1834, 18457, 18398, 0.9073064340239912, 0.25963049249607195, 0.2555712577454071
"c", 5, 3, 100, 19, "23/07/2019 16:54:19", 1563893659.79, 0.5, 9170, 18457, 18398, 0.8752453653217012, 0.5646096332014954, 0.56631155560387
"f", 5, 3, 100, 45, "23/07/2019 16:54:20", 1563893660.84, 0.05, 917, 18457, 18398, 0.8647764449291166, 0.2560546134258005, 0.2526905098380259
"g", 5, 3, 100, 51, "23/07/2019 16:54:28", 1563893668.62, 0.01, 183, 18457, 18398, 0.7377049180327869, 0.159614238500298, 0.15800630503315577
"a", 5, 3, 100, 15, "23/07/2019 16:54:38", 1563893678.73, 1.0, 18340, 18457, 18398, 0.9037077426390403, 0.8648209351465569, 0.8683009022719861
"b", 5, 3, 100, 17, "23/07/2019 16:54:48", 1563893688.59, 0.7, 12838, 18457, 18398, 0.8819909643246612, 0.6478300915641761, 0.6521361017501902
"e", 5, 3, 100, 39, "23/07/2019 16:55:01", 1563893702.0, 0.1, 1834, 18457, 18398, 0.9198473282442748, 0.26228531180581893, 0.25845200565278836
"d", 5, 3, 100, 25, "23/07/2019 16:55:06", 1563893706.61, 0.3, 5502, 18457, 18398, 0.8845874227553617, 0.32757219483122935, 0.32530709859767365
"f", 5, 3, 100, 46, "23/07/2019 16:55:11", 1563893711.72, 0.05, 917, 18457, 18398, 0.8625954198473282, 0.2556211735384949, 0.252092618762909
"g", 5, 3, 100, 52, "23/07/2019 16:55:12", 1563893712.67, 0.01, 183, 18457, 18398, 0.7377049180327869, 0.15901825865525274, 0.1572453527557343
"g", 5, 3, 100, 53, "23/07/2019 16:55:59", 1563893759.28, 0.01, 183, 18457, 18398, 0.7377049180327869, 0.16037275830308284, 0.15827807370366345
"e", 5, 3, 100, 40, "23/07/2019 16:56:02", 1563893762.28, 0.1, 1834, 18457, 18398, 0.9263904034896401, 0.26266457170721136, 0.25758234590716383
"f", 5, 3, 100, 47, "23/07/2019 16:56:05", 1563893765.03, 0.05, 917, 18457, 18398, 0.88113413304253, 0.257246573115891, 0.2532340471790412
"c", 5, 3, 100, 20, "23/07/2019 16:56:19", 1563893779.62, 0.5, 9170, 18457, 18398, 0.8918211559432934, 0.5768543100178793, 0.5799543428633547
"d", 5, 3, 100, 26, "23/07/2019 16:56:40", 1563893800.9, 0.3, 5502, 18457, 18398, 0.8953107960741549, 0.3303353741128027, 0.3268833568866181
"g", 5, 3, 100, 54, "23/07/2019 16:56:42", 1563893802.5, 0.01, 183, 18457, 18398, 0.7377049180327869, 0.1597225984721244, 0.1572453527557343
"f", 5, 3, 100, 48, "23/07/2019 16:56:51", 1563893811.57, 0.05, 917, 18457, 18398, 0.8680479825517994, 0.25648805331310615, 0.25301663224263504
"b", 5, 3, 100, 18, "23/07/2019 16:56:55", 1563893815.99, 0.7, 12838, 18457, 18398, 0.8929739834865243, 0.6539524299723682, 0.6568648766170236
"e", 5, 3, 100, 41, "23/07/2019 16:56:59", 1563893819.39, 0.1, 1834, 18457, 18398, 0.9318429661941112, 0.26439833125643386, 0.26030003261224044
"a", 5, 3, 100, 16, "23/07/2019 16:57:08", 1563893828.25, 1.0, 18340, 18457, 18398, 0.9065430752453654, 0.8670964945549114, 0.8710729427111643
"g", 5, 3, 100, 55, "23/07/2019 16:57:24", 1563893844.99, 0.01, 183, 18457, 18398, 0.7377049180327869, 0.15912661862707916, 0.15648440047831286
"f", 5, 3, 100, 49, "23/07/2019 16:57:40", 1563893860.64, 0.05, 917, 18457, 18398, 0.8854961832061069, 0.25681313322858534, 0.25345146211544733
"e", 5, 3, 100, 42, "23/07/2019 16:57:59", 1563893879.06, 0.1, 1834, 18457, 18398, 0.9329334787350054, 0.2644525112423471, 0.2599739102076313
"g", 5, 3, 100, 56, "23/07/2019 16:58:07", 1563893887.91, 0.01, 183, 18457, 18398, 0.7377049180327869, 0.16037275830308284, 0.15827807370366345
"c", 5, 3, 100, 21, "23/07/2019 16:58:09", 1563893889.27, 0.5, 9170, 18457, 18398, 0.8962922573609596, 0.579671669285366, 0.5817480160887053
"d", 5, 3, 100, 27, "23/07/2019 16:58:10", 1563893890.46, 0.3, 5502, 18457, 18398, 0.8976735732460923, 0.32675949504253127, 0.3253614523317752
"f", 5, 3, 100, 50, "23/07/2019 16:58:29", 1563893909.55, 0.05, 917, 18457, 18398, 0.88113413304253, 0.25697567318632497, 0.253723230785955
"g", 5, 3, 100, 57, "23/07/2019 16:58:50", 1563893930.09, 0.01, 183, 18457, 18398, 0.7431693989071039, 0.1597767784580376, 0.1575714751603435
"e", 5, 3, 100, 43, "23/07/2019 16:58:57", 1563893938.0, 0.1, 1834, 18457, 18398, 0.9378407851690295, 0.26521103104513194, 0.26111533862376346
"b", 5, 3, 100, 19, "23/07/2019 16:59:11", 1563893951.94, 0.7, 12838, 18457, 18398, 0.8966349898738121, 0.6577992089722057, 0.6620828350907707
"f", 5, 3, 100, 51, "23/07/2019 16:59:19", 1563893959.23, 0.05, 917, 18457, 18398, 0.8942202835332607, 0.25697567318632497, 0.2536688770518535
"g", 5, 3, 100, 58, "23/07/2019 16:59:30", 1563893970.56, 0.01, 183, 18457, 18398, 0.7431693989071039, 0.15907243864116596, 0.1570279378193282
"a", 5, 3, 100, 17, "23/07/2019 16:59:38", 1563893978.95, 1.0, 18340, 18457, 18398, 0.8958015267175573, 0.8578317169637536, 0.8611262093705837
"d", 5, 3, 100, 28, "23/07/2019 16:59:43", 1563893983.98, 0.3, 5502, 18457, 18398, 0.9251181388585968, 0.33678279243647397, 0.3339493423198174
"e", 5, 3, 100, 44, "23/07/2019 16:59:56", 1563893996.08, 0.1, 1834, 18457, 18398, 0.9291166848418757, 0.26418161131278106, 0.25910425046200675
"f", 5, 3, 100, 52, "23/07/2019 17:00:11", 1563894011.52, 0.05, 917, 18457, 18398, 0.8822246455834242, 0.2574632930595438, 0.2541580606587673
"c", 5, 3, 100, 22, "23/07/2019 17:00:14", 1563894014.22, 0.5, 9170, 18457, 18398, 0.9005452562704471, 0.5629842336240992, 0.5631046852918795
"g", 5, 3, 100, 59, "23/07/2019 17:00:20", 1563894020.25, 0.01, 183, 18457, 18398, 0.7377049180327869, 0.16058947824673567, 0.1590390259810849
"e", 5, 3, 100, 45, "23/07/2019 17:01:01", 1563894061.15, 0.1, 1834, 18457, 18398, 0.9372955288985824, 0.263368911524083, 0.2587781280573975
"f", 5, 3, 100, 53, "23/07/2019 17:01:05", 1563894065.31, 0.05, 917, 18457, 18398, 0.8942202835332607, 0.2582759928482419, 0.2542124143928688
"g", 5, 3, 100, 60, "23/07/2019 17:01:09", 1563894069.01, 0.01, 183, 18457, 18398, 0.7431693989071039, 0.16021021834534324, 0.15871290357647572
"d", 5, 3, 100, 29, "23/07/2019 17:01:18", 1563894078.39, 0.3, 5502, 18457, 18398, 0.9198473282442748, 0.3386790919434361, 0.3359604304815741
"b", 5, 3, 100, 20, "23/07/2019 17:01:31", 1563894091.94, 0.7, 12838, 18457, 18398, 0.910967440411279, 0.6677683263802351, 0.6704533101424068
"g", 5, 3, 100, 61, "23/07/2019 17:01:50", 1563894110.94, 0.01, 183, 18457, 18398, 0.7486338797814208, 0.15983095844395082, 0.1580606587672573
"f", 5, 3, 100, 54, "23/07/2019 17:01:57", 1563894117.11, 0.05, 917, 18457, 18398, 0.8964013086150491, 0.258059272904589, 0.2547559517338841
"e", 5, 3, 100, 46, "23/07/2019 17:01:58", 1563894118.68, 0.1, 1834, 18457, 18398, 0.9345692475463467, 0.2631521915804302, 0.26030003261224044
"a", 5, 3, 100, 18, "23/07/2019 17:02:11", 1563894131.89, 1.0, 18340, 18457, 18398, 0.9052344601962923, 0.867800834371783, 0.8721056636590934
"c", 5, 3, 100, 23, "23/07/2019 17:02:17", 1563894137.18, 0.5, 9170, 18457, 18398, 0.905452562704471, 0.569052392046378, 0.5719643439504294
"g", 5, 3, 100, 62, "23/07/2019 17:02:33", 1563894153.14, 0.01, 183, 18457, 18398, 0.7431693989071039, 0.16091455816221487, 0.15914773344928795
"f", 5, 3, 100, 55, "23/07/2019 17:02:45", 1563894165.44, 0.05, 917, 18457, 18398, 0.8898582333696837, 0.2579509129327626, 0.25442982932927494
"d", 5, 3, 100, 30, "23/07/2019 17:02:49", 1563894169.66, 0.3, 5502, 18457, 18398, 0.9302071973827699, 0.34073793140813785, 0.33878682465485377
"e", 5, 3, 100, 47, "23/07/2019 17:02:55", 1563894175.53, 0.1, 1834, 18457, 18398, 0.9378407851690295, 0.26418161131278106, 0.2599739102076313
"g", 5, 3, 100, 63, "23/07/2019 17:03:20", 1563894200.19, 0.01, 183, 18457, 18398, 0.7486338797814208, 0.16010185837351681, 0.1585498423741711
"f", 5, 3, 100, 56, "23/07/2019 17:03:37", 1563894217.18, 0.05, 917, 18457, 18398, 0.906215921483097, 0.2583843528200683, 0.2541580606587673
"b", 5, 3, 100, 21, "23/07/2019 17:03:40", 1563894220.81, 0.7, 12838, 18457, 18398, 0.9148621280573298, 0.6755702443517365, 0.6792586150668551
"e", 5, 3, 100, 48, "23/07/2019 17:03:53", 1563894233.15, 0.1, 1834, 18457, 18398, 0.9362050163576882, 0.2651568510592187, 0.2614958147624742
"g", 5, 3, 100, 64, "23/07/2019 17:04:00", 1563894240.54, 0.01, 183, 18457, 18398, 0.7486338797814208, 0.1611312781058677, 0.15909337971518644
"c", 5, 3, 100, 24, "23/07/2019 17:04:13", 1563894253.04, 0.5, 9170, 18457, 18398, 0.9127589967284624, 0.5781004496938831, 0.5800630503315578
"d", 5, 3, 100, 31, "23/07/2019 17:04:17", 1563894257.33, 0.3, 5502, 18457, 18398, 0.9218466012359142, 0.3353199328168175, 0.33291662137188827
"f", 5, 3, 100, 57, "23/07/2019 17:04:25", 1563894265.18, 0.05, 917, 18457, 18398, 0.8909487459105779, 0.2581676328764155, 0.25448418306337645
"a", 5, 3, 100, 19, "23/07/2019 17:04:39", 1563894279.16, 1.0, 18340, 18457, 18398, 0.9170665212649945, 0.8788535514980766, 0.882378519404283
"g", 5, 3, 100, 65, "23/07/2019 17:04:44", 1563894284.76, 0.01, 183, 18457, 18398, 0.7540983606557377, 0.16064365823264887, 0.15871290357647572
"e", 5, 3, 100, 49, "23/07/2019 17:04:50", 1563894290.7, 0.1, 1834, 18457, 18398, 0.955288985823337, 0.2663488107493092, 0.2633438417219263
"f", 5, 3, 100, 58, "23/07/2019 17:05:16", 1563894316.46, 0.05, 917, 18457, 18398, 0.9007633587786259, 0.25833017283415505, 0.25432112186107186
"g", 5, 3, 100, 66, "23/07/2019 17:05:29", 1563894329.17, 0.01, 183, 18457, 18398, 0.7595628415300546, 0.16145635802134692, 0.1592020871833895
"d", 5, 3, 100, 32, "23/07/2019 17:05:45", 1563894345.33, 0.3, 5502, 18457, 18398, 0.9420210832424573, 0.3448556103375413, 0.34199369496684423
"e", 5, 3, 100, 50, "23/07/2019 17:05:46", 1563894346.08, 0.1, 1834, 18457, 18398, 0.9536532170119957, 0.26499431110147914, 0.26209370583759106
"b", 5, 3, 100, 22, "23/07/2019 17:05:48", 1563894348.84, 0.7, 12838, 18457, 18398, 0.9163421093628291, 0.6780083437178306, 0.6776280030438091
"f", 5, 3, 100, 59, "23/07/2019 17:06:00", 1563894360.35, 0.05, 917, 18457, 18398, 0.9029443838604144, 0.2586552527496343, 0.25502772040439176
"c", 5, 3, 100, 25, "23/07/2019 17:06:11", 1563894371.53, 0.5, 9170, 18457, 18398, 0.9142857142857143, 0.5814596088205017, 0.5838134579845635
"g", 5, 3, 100, 67, "23/07/2019 17:06:12", 1563894372.5, 0.01, 183, 18457, 18398, 0.7486338797814208, 0.16161889797908652, 0.15909337971518644
"e", 5, 3, 100, 51, "23/07/2019 17:06:41", 1563894401.24, 0.1, 1834, 18457, 18398, 0.9596510359869138, 0.26602373083382996, 0.26388737906294163
"f", 5, 3, 100, 60, "23/07/2019 17:06:49", 1563894409.18, 0.05, 917, 18457, 18398, 0.9051254089422028, 0.25833017283415505, 0.255353842809001
"g", 5, 3, 100, 68, "23/07/2019 17:06:54", 1563894414.36, 0.01, 183, 18457, 18398, 0.7650273224043715, 0.16172725795091294, 0.15958256332210022
"a", 5, 3, 100, 20, "23/07/2019 17:07:07", 1563894427.16, 1.0, 18340, 18457, 18398, 0.9358778625954198, 0.8968954868071735, 0.9008587889988042
"d", 5, 3, 100, 33, "23/07/2019 17:07:12", 1563894432.86, 0.3, 5502, 18457, 18398, 0.9422028353326063, 0.34686026981632984, 0.34520056527883464
"e", 5, 3, 100, 52, "23/07/2019 17:07:35", 1563894455.78, 0.1, 1834, 18457, 18398, 0.9536532170119957, 0.26553611096061114, 0.26176758343298184
"f", 5, 3, 100, 61, "23/07/2019 17:07:37", 1563894457.93, 0.05, 917, 18457, 18398, 0.9051254089422028, 0.2583843528200683, 0.2554081965431025
"g", 5, 3, 100, 69, "23/07/2019 17:07:40", 1563894460.05, 0.01, 183, 18457, 18398, 0.7595628415300546, 0.16226905781004497, 0.15974562452440483
"b", 5, 3, 100, 23, "23/07/2019 17:08:01", 1563894481.51, 0.7, 12838, 18457, 18398, 0.9259230409721141, 0.6831012623936717, 0.6847483422111099
"c", 5, 3, 100, 26, "23/07/2019 17:08:10", 1563894490.51, 0.5, 9170, 18457, 18398, 0.914721919302072, 0.5890448068483503, 0.5893575388629199
"g", 5, 3, 100, 70, "23/07/2019 17:08:21", 1563894501.27, 0.01, 183, 18457, 18398, 0.7595628415300546, 0.16297339762691662, 0.16023480813131863
"f", 5, 3, 100, 62, "23/07/2019 17:08:24", 1563894504.62, 0.05, 917, 18457, 18398, 0.910577971646674, 0.2582759928482419, 0.25529948907489947
"e", 5, 3, 100, 53, "23/07/2019 17:08:32", 1563894512.38, 0.1, 1834, 18457, 18398, 0.9601962922573609, 0.2673782304816601, 0.26328948798782476
"d", 5, 3, 100, 34, "23/07/2019 17:08:43", 1563894523.87, 0.3, 5502, 18457, 18398, 0.9392948018902217, 0.34561413014032616, 0.3447657354060224
"g", 5, 3, 100, 71, "23/07/2019 17:09:04", 1563894544.96, 0.01, 183, 18457, 18398, 0.7650273224043715, 0.16308175759874302, 0.16050657680182628
"f", 5, 3, 100, 63, "23/07/2019 17:09:13", 1563894553.55, 0.05, 917, 18457, 18398, 0.9138495092693566, 0.2586552527496343, 0.25551690401130556
"e", 5, 3, 100, 54, "23/07/2019 17:09:28", 1563894568.68, 0.1, 1834, 18457, 18398, 0.9661941112322792, 0.2679200303407921, 0.2644852701380585
"a", 5, 3, 100, 21, "23/07/2019 17:09:33", 1563894573.1, 1.0, 18340, 18457, 18398, 0.936586695747001, 0.8993877661591808, 0.901239265137515
"g", 5, 3, 100, 72, "23/07/2019 17:09:48", 1563894588.76, 0.01, 183, 18457, 18398, 0.7540983606557377, 0.16156471799317332, 0.15898467224698337
"f", 5, 3, 100, 64, "23/07/2019 17:10:00", 1563894600.26, 0.05, 917, 18457, 18398, 0.9182115594329335, 0.2587094327355475, 0.25562561147950863
"c", 5, 3, 100, 27, "23/07/2019 17:10:02", 1563894602.53, 0.5, 9170, 18457, 18398, 0.913958560523446, 0.5901825865525275, 0.5893575388629199
"d", 5, 3, 100, 35, "23/07/2019 17:10:12", 1563894612.36, 0.3, 5502, 18457, 18398, 0.950381679389313, 0.3494067291542504, 0.3459071638221546
"b", 5, 3, 100, 24, "23/07/2019 17:10:13", 1563894613.41, 0.7, 12838, 18457, 18398, 0.9321545412057953, 0.6872189413230753, 0.6891509946733341
"e", 5, 3, 100, 55, "23/07/2019 17:10:22", 1563894622.95, 0.1, 1834, 18457, 18398, 0.9629225736095965, 0.2680825702985317, 0.2642135014675508
"g", 5, 3, 100, 73, "23/07/2019 17:10:28", 1563894628.9, 0.01, 183, 18457, 18398, 0.7650273224043715, 0.162810857669177, 0.1603978693336232
"f", 5, 3, 100, 65, "23/07/2019 17:10:51", 1563894651.49, 0.05, 917, 18457, 18398, 0.9193020719738277, 0.2591428726228531, 0.2557343189477117
"g", 5, 3, 100, 74, "23/07/2019 17:11:13", 1563894673.08, 0.01, 183, 18457, 18398, 0.7704918032786885, 0.16319011757056942, 0.16077834547233394
"e", 5, 3, 100, 56, "23/07/2019 17:11:20", 1563894680.61, 0.1, 1834, 18457, 18398, 0.9629225736095965, 0.2719835292842824, 0.26845309272747037
"d", 5, 3, 100, 36, "23/07/2019 17:11:40", 1563894700.66, 0.3, 5502, 18457, 18398, 0.9523809523809523, 0.34978598905564284, 0.3462876399608653
"f", 5, 3, 100, 66, "23/07/2019 17:11:40", 1563894700.74, 0.05, 917, 18457, 18398, 0.9334787350054525, 0.2592512325946795, 0.2558430264159148
"a", 5, 3, 100, 22, "23/07/2019 17:11:57", 1563894717.51, 1.0, 18340, 18457, 18398, 0.9320610687022901, 0.8948908273283849, 0.895640830525057
"g", 5, 3, 100, 75, "23/07/2019 17:11:57", 1563894717.98, 0.01, 183, 18457, 18398, 0.7704918032786885, 0.16297339762691662, 0.16028916186542017
"c", 5, 3, 100, 28, "23/07/2019 17:11:59", 1563894719.13, 0.5, 9170, 18457, 18398, 0.9207197382769902, 0.5893698867638294, 0.5896293075334276
"e", 5, 3, 100, 57, "23/07/2019 17:12:13", 1563894733.95, 0.1, 1834, 18457, 18398, 0.9721919302071974, 0.27030394972097305, 0.268724861397978
"b", 5, 3, 100, 25, "23/07/2019 17:12:23", 1563894743.49, 0.7, 12838, 18457, 18398, 0.9383860414394766, 0.6940456195481389, 0.6954560278291119
"f", 5, 3, 100, 67, "23/07/2019 17:12:30", 1563894750.17, 0.05, 917, 18457, 18398, 0.9302071973827699, 0.25930541258059275, 0.25578867268181327
"g", 5, 3, 100, 76, "23/07/2019 17:12:39", 1563894759.42, 0.01, 183, 18457, 18398, 0.7759562841530054, 0.16384027740152787, 0.1615392977497554
"d", 5, 3, 100, 37, "23/07/2019 17:13:08", 1563894788.86, 0.3, 5502, 18457, 18398, 0.9541984732824428, 0.3506528688302541, 0.34770083704750515
"e", 5, 3, 100, 58, "23/07/2019 17:13:10", 1563894790.62, 0.1, 1834, 18457, 18398, 0.9683751363140676, 0.27149590941106355, 0.2691596912707903
"f", 5, 3, 100, 68, "23/07/2019 17:13:22", 1563894802.99, 0.05, 917, 18457, 18398, 0.9345692475463467, 0.25941377255241915, 0.2562235025546255
"g", 5, 3, 100, 77, "23/07/2019 17:13:23", 1563894803.96, 0.01, 183, 18457, 18398, 0.7814207650273224, 0.1641111773310939, 0.16164800521795847
"c", 5, 3, 100, 29, "23/07/2019 17:13:53", 1563894833.3, 0.5, 9170, 18457, 18398, 0.9225736095965104, 0.5901284065666142, 0.5908794434177628
"g", 5, 3, 100, 78, "23/07/2019 17:14:04", 1563894844.74, 0.01, 183, 18457, 18398, 0.7814207650273224, 0.16438207726065993, 0.16170235895206
"e", 5, 3, 100, 59, "23/07/2019 17:14:08", 1563894848.17, 0.1, 1834, 18457, 18398, 0.9732824427480916, 0.2717668093406296, 0.26861615392977495
"f", 5, 3, 100, 69, "23/07/2019 17:14:11", 1563894851.39, 0.05, 917, 18457, 18398, 0.9291166848418757, 0.2589803326651135, 0.25497336667029025
"a", 5, 3, 100, 23, "23/07/2019 17:14:22", 1563894862.56, 1.0, 18340, 18457, 18398, 0.9476008724100328, 0.915425041989489, 0.9179258615066855
"b", 5, 3, 100, 26, "23/07/2019 17:14:35", 1563894875.45, 0.7, 12838, 18457, 18398, 0.9460196292257361, 0.7033645771252099, 0.7072507881291444
"d", 5, 3, 100, 38, "23/07/2019 17:14:37", 1563894877.61, 0.3, 5502, 18457, 18398, 0.9625590694292985, 0.3503277889147749, 0.3459615175562561
"g", 5, 3, 100, 79, "23/07/2019 17:14:47", 1563894887.3, 0.01, 183, 18457, 18398, 0.7814207650273224, 0.16497805710570515, 0.1621915425589738
"f", 5, 3, 100, 70, "23/07/2019 17:15:02", 1563894902.01, 0.05, 917, 18457, 18398, 0.9291166848418757, 0.25973885246789835, 0.25644091749103165
"e", 5, 3, 100, 60, "23/07/2019 17:15:07", 1563894907.16, 0.1, 1834, 18457, 18398, 0.9716466739367503, 0.27230860919976163, 0.26954016740950104
"g", 5, 3, 100, 80, "23/07/2019 17:15:32", 1563894932.03, 0.01, 183, 18457, 18398, 0.7868852459016393, 0.16530313702118438, 0.1626807261658876
"c", 5, 3, 100, 30, "23/07/2019 17:15:49", 1563894949.77, 0.5, 9170, 18457, 18398, 0.9127589967284624, 0.5883946470173917, 0.5880530492444831
"f", 5, 3, 100, 71, "23/07/2019 17:15:49", 1563894949.87, 0.05, 917, 18457, 18398, 0.9323882224645583, 0.25963049249607195, 0.25600608761821936
"e", 5, 3, 100, 61, "23/07/2019 17:16:02", 1563894962.48, 0.1, 1834, 18457, 18398, 0.9803707742639041, 0.27274204908706723, 0.2693227524730949
"d", 5, 3, 100, 39, "23/07/2019 17:16:06", 1563894966.79, 0.3, 5502, 18457, 18398, 0.9572882588149764, 0.3506528688302541, 0.3489509729318404
"g", 5, 3, 100, 81, "23/07/2019 17:16:13", 1563894973.46, 0.01, 183, 18457, 18398, 0.7978142076502732, 0.16530313702118438, 0.16273507989998912
"f", 5, 3, 100, 72, "23/07/2019 17:16:37", 1563894997.91, 0.05, 917, 18457, 18398, 0.9323882224645583, 0.2587636127214607, 0.2563865637569301
"a", 5, 3, 100, 24, "23/07/2019 17:16:50", 1563895010.02, 1.0, 18340, 18457, 18398, 0.9452017448200655, 0.910603023243214, 0.9152625285357104
"b", 5, 3, 100, 27, "23/07/2019 17:16:51", 1563895011.84, 0.7, 12838, 18457, 18398, 0.9530300669886275, 0.7074280760687002, 0.7090444613544951
"g", 5, 3, 100, 82, "23/07/2019 17:16:56", 1563895016.66, 0.01, 183, 18457, 18398, 0.8032786885245902, 0.16514059706344478, 0.1626807261658876
"e", 5, 3, 100, 62, "23/07/2019 17:17:00", 1563895020.93, 0.1, 1834, 18457, 18398, 0.9765539803707742, 0.27583030828411986, 0.27252962278508536
"f", 5, 3, 100, 73, "23/07/2019 17:17:26", 1563895046.53, 0.05, 917, 18457, 18398, 0.9302071973827699, 0.2586010727637211, 0.2547015979997826
"d", 5, 3, 100, 40, "23/07/2019 17:17:33", 1563895053.68, 0.3, 5502, 18457, 18398, 0.9629225736095965, 0.3525491683372162, 0.34976627894336343
"g", 5, 3, 100, 83, "23/07/2019 17:17:37", 1563895057.76, 0.01, 183, 18457, 18398, 0.7923497267759563, 0.16459879720431272, 0.1626807261658876
"c", 5, 3, 100, 31, "23/07/2019 17:17:45", 1563895065.38, 0.5, 9170, 18457, 18398, 0.9280261723009815, 0.5888822668906106, 0.5883248179149908
"e", 5, 3, 100, 63, "23/07/2019 17:18:01", 1563895081.48, 0.1, 1834, 18457, 18398, 0.9820065430752454, 0.2746925285799426, 0.27165996303946083
"f", 5, 3, 100, 74, "23/07/2019 17:18:17", 1563895097.2, 0.05, 917, 18457, 18398, 0.9378407851690295, 0.2587094327355475, 0.25693010109794545
"g", 5, 3, 100, 84, "23/07/2019 17:18:22", 1563895102.43, 0.01, 183, 18457, 18398, 0.8032786885245902, 0.16503223709161835, 0.16289814110229373
"e", 5, 3, 100, 64, "23/07/2019 17:18:56", 1563895136.64, 0.1, 1834, 18457, 18398, 0.9787350054525628, 0.2750176084954218, 0.2724209153168823
"b", 5, 3, 100, 28, "23/07/2019 17:19:00", 1563895140.23, 0.7, 12838, 18457, 18398, 0.9478111855429194, 0.7046107168012137, 0.7075225567996521
"d", 5, 3, 100, 41, "23/07/2019 17:19:01", 1563895141.14, 0.3, 5502, 18457, 18398, 0.9641948382406398, 0.3506528688302541, 0.3468311773018806
"g", 5, 3, 100, 85, "23/07/2019 17:19:01", 1563895141.28, 0.01, 183, 18457, 18398, 0.8032786885245902, 0.16519477704935798, 0.16289814110229373
"f", 5, 3, 100, 75, "23/07/2019 17:19:03", 1563895143.28, 0.05, 917, 18457, 18398, 0.9334787350054525, 0.2591428726228531, 0.2558430264159148
"a", 5, 3, 100, 25, "23/07/2019 17:19:20", 1563895160.42, 1.0, 18340, 18457, 18398, 0.9497273718647764, 0.9168337216232324, 0.9201543646048483
"c", 5, 3, 100, 32, "23/07/2019 17:19:34", 1563895174.95, 0.5, 9170, 18457, 18398, 0.9199563794983643, 0.5566993552581676, 0.5550603326448527
"g", 5, 3, 100, 86, "23/07/2019 17:19:44", 1563895184.58, 0.01, 183, 18457, 18398, 0.7868852459016393, 0.16503223709161835, 0.16273507989998912
"f", 5, 3, 100, 76, "23/07/2019 17:19:54", 1563895194.59, 0.05, 917, 18457, 18398, 0.9280261723009815, 0.2588177927073739, 0.2565496249592347
"e", 5, 3, 100, 65, "23/07/2019 17:19:56", 1563895196.22, 0.1, 1834, 18457, 18398, 0.9787350054525628, 0.27545104838272744, 0.2726383302532884
"d", 5, 3, 100, 42, "23/07/2019 17:20:29", 1563895229.02, 0.3, 5502, 18457, 18398, 0.970010905125409, 0.3515739285907786, 0.34922274160234806
"g", 5, 3, 100, 87, "23/07/2019 17:20:31", 1563895231.1, 0.01, 183, 18457, 18398, 0.7978142076502732, 0.16535731700709758, 0.16289814110229373
"f", 5, 3, 100, 77, "23/07/2019 17:20:42", 1563895242.89, 0.05, 917, 18457, 18398, 0.935659760087241, 0.25789673294684945, 0.25551690401130556
"e", 5, 3, 100, 66, "23/07/2019 17:20:52", 1563895252.17, 0.1, 1834, 18457, 18398, 0.9820065430752454, 0.2766430080728179, 0.2734536362648114
"b", 5, 3, 100, 29, "23/07/2019 17:21:11", 1563895271.82, 0.7, 12838, 18457, 18398, 0.9591057797164667, 0.7136045944628054, 0.7176323513425372
"g", 5, 3, 100, 88, "23/07/2019 17:21:15", 1563895275.51, 0.01, 183, 18457, 18398, 0.7978142076502732, 0.16524895703527118, 0.16306120230459833
"f", 5, 3, 100, 78, "23/07/2019 17:21:30", 1563895290.8, 0.05, 917, 18457, 18398, 0.9422028353326063, 0.2586010727637211, 0.25600608761821936
"c", 5, 3, 100, 33, "23/07/2019 17:21:32", 1563895292.95, 0.5, 9170, 18457, 18398, 0.928680479825518, 0.5976594246085496, 0.5972388303076421
"e", 5, 3, 100, 67, "23/07/2019 17:21:47", 1563895307.92, 0.1, 1834, 18457, 18398, 0.9858233369683751, 0.27745570786151597, 0.27437764974453743
"a", 5, 3, 100, 26, "23/07/2019 17:21:47", 1563895307.92, 1.0, 18340, 18457, 18398, 0.9376772082878954, 0.9063228043560708, 0.9080878356343081
"d", 5, 3, 100, 43, "23/07/2019 17:21:58", 1563895318.09, 0.3, 5502, 18457, 18398, 0.970192657215558, 0.3524408083653898, 0.3513968909664094
"g", 5, 3, 100, 89, "23/07/2019 17:21:59", 1563895319.92, 0.01, 183, 18457, 18398, 0.8087431693989071, 0.16497805710570515, 0.1626807261658876
"f", 5, 3, 100, 79, "23/07/2019 17:22:19", 1563895339.35, 0.05, 917, 18457, 18398, 0.9432933478735005, 0.2591428726228531, 0.256169148820524
"g", 5, 3, 100, 90, "23/07/2019 17:22:39", 1563895359.05, 0.01, 183, 18457, 18398, 0.8087431693989071, 0.16481551714796555, 0.1628437873681922
"e", 5, 3, 100, 68, "23/07/2019 17:22:45", 1563895365.11, 0.1, 1834, 18457, 18398, 0.985278080697928, 0.2852576258330173, 0.2814436351777367
"f", 5, 3, 100, 80, "23/07/2019 17:23:05", 1563895385.79, 0.05, 917, 18457, 18398, 0.9487459105779716, 0.2590886926369399, 0.25660397869333623
"g", 5, 3, 100, 91, "23/07/2019 17:23:22", 1563895402.02, 0.01, 183, 18457, 18398, 0.8142076502732241, 0.16530313702118438, 0.16278943363409065
"b", 5, 3, 100, 30, "23/07/2019 17:23:24", 1563895404.23, 0.7, 12838, 18457, 18398, 0.9576257984109674, 0.7154467139838544, 0.7186650722904664
"d", 5, 3, 100, 44, "23/07/2019 17:23:24", 1563895404.56, 0.3, 5502, 18457, 18398, 0.9712831697564522, 0.35412038792869915, 0.3530275029894554
"c", 5, 3, 100, 34, "23/07/2019 17:23:30", 1563895410.31, 0.5, 9170, 18457, 18398, 0.9354416575790622, 0.5919705260876632, 0.5941406674638547
"e", 5, 3, 100, 69, "23/07/2019 17:23:40", 1563895420.69, 0.1, 1834, 18457, 18398, 0.9880043620501636, 0.2850409058893645, 0.2823676486574628
"f", 5, 3, 100, 81, "23/07/2019 17:23:54", 1563895434.47, 0.05, 917, 18457, 18398, 0.9563794983642312, 0.2596846724819852, 0.25660397869333623
"g", 5, 3, 100, 92, "23/07/2019 17:24:05", 1563895445.01, 0.01, 183, 18457, 18398, 0.8087431693989071, 0.16503223709161835, 0.16262637243178607
"a", 5, 3, 100, 27, "23/07/2019 17:24:19", 1563895459.41, 1.0, 18340, 18457, 18398, 0.9601962922573609, 0.931083057918405, 0.9314055875638656
"e", 5, 3, 100, 70, "23/07/2019 17:24:38", 1563895478.57, 0.1, 1834, 18457, 18398, 0.9841875681570338, 0.28428238608657963, 0.28155234264593976
"f", 5, 3, 100, 82, "23/07/2019 17:24:41", 1563895481.73, 0.05, 917, 18457, 18398, 0.945474372955289, 0.25952213252424555, 0.2565496249592347
"g", 5, 3, 100, 93, "23/07/2019 17:24:46", 1563895486.39, 0.01, 183, 18457, 18398, 0.8142076502732241, 0.16503223709161835, 0.16262637243178607
"d", 5, 3, 100, 45, "23/07/2019 17:24:56", 1563895496.58, 0.3, 5502, 18457, 18398, 0.9732824427480916, 0.35552906756244246, 0.35237525818023696
"c", 5, 3, 100, 35, "23/07/2019 17:25:25", 1563895525.76, 0.5, 9170, 18457, 18398, 0.9389312977099237, 0.5960882050170667, 0.5976193064463529
"g", 5, 3, 100, 94, "23/07/2019 17:25:27", 1563895527.21, 0.01, 183, 18457, 18398, 0.8306010928961749, 0.16508641707753155, 0.16278943363409065
"f", 5, 3, 100, 83, "23/07/2019 17:25:28", 1563895528.43, 0.05, 917, 18457, 18398, 0.9574700109051254, 0.25941377255241915, 0.25714751603435154
"b", 5, 3, 100, 31, "23/07/2019 17:25:32", 1563895532.59, 0.7, 12838, 18457, 18398, 0.9645583424209379, 0.7216232323779596, 0.7208392216545276
"e", 5, 3, 100, 71, "23/07/2019 17:25:36", 1563895536.89, 0.1, 1834, 18457, 18398, 0.9869138495092693, 0.28460746600205883, 0.28166105011414283
"g", 5, 3, 100, 95, "23/07/2019 17:26:10", 1563895570.23, 0.01, 183, 18457, 18398, 0.8087431693989071, 0.16519477704935798, 0.16273507989998912
"f", 5, 3, 100, 84, "23/07/2019 17:26:15", 1563895575.09, 0.05, 917, 18457, 18398, 0.9585605234460196, 0.259901392425638, 0.2572562235025546
"d", 5, 3, 100, 46, "23/07/2019 17:26:24", 1563895584.76, 0.3, 5502, 18457, 18398, 0.9749182115594329, 0.35710028715392533, 0.3517230133710186
"e", 5, 3, 100, 72, "23/07/2019 17:26:30", 1563895590.51, 0.1, 1834, 18457, 18398, 0.9803707742639041, 0.28569106572032293, 0.2822589411892597
"a", 5, 3, 100, 28, "23/07/2019 17:26:45", 1563895605.52, 1.0, 18340, 18457, 18398, 0.9663576881134133, 0.93455057701685, 0.9351016414827699
"g", 5, 3, 100, 96, "23/07/2019 17:26:54", 1563895614.21, 0.01, 183, 18457, 18398, 0.8306010928961749, 0.16481551714796555, 0.16273507989998912
"f", 5, 3, 100, 85, "23/07/2019 17:27:04", 1563895624.62, 0.05, 917, 18457, 18398, 0.9574700109051254, 0.2597930324538116, 0.2577454071094684
"c", 5, 3, 100, 36, "23/07/2019 17:27:23", 1563895643.07, 0.5, 9170, 18457, 18398, 0.9381679389312977, 0.5941377255241914, 0.5971301228394391
"e", 5, 3, 100, 73, "23/07/2019 17:27:28", 1563895648.76, 0.1, 1834, 18457, 18398, 0.9890948745910578, 0.28460746600205883, 0.2813892814436352
"g", 5, 3, 100, 97, "23/07/2019 17:27:35", 1563895655.84, 0.01, 183, 18457, 18398, 0.8306010928961749, 0.16514059706344478, 0.16273507989998912
"b", 5, 3, 100, 32, "23/07/2019 17:27:42", 1563895662.14, 0.7, 12838, 18457, 18398, 0.9689203925845147, 0.7258492712791894, 0.7263289487987825
"f", 5, 3, 100, 86, "23/07/2019 17:27:53", 1563895673.94, 0.05, 917, 18457, 18398, 0.9541984732824428, 0.25984721243972475, 0.2577454071094684
"d", 5, 3, 100, 47, "23/07/2019 17:27:56", 1563895676.71, 0.3, 5502, 18457, 18398, 0.9805525263540531, 0.3549330877173972, 0.35199478204152623
"g", 5, 3, 100, 98, "23/07/2019 17:28:20", 1563895700.36, 0.01, 183, 18457, 18398, 0.8306010928961749, 0.16530313702118438, 0.16295249483639526
"e", 5, 3, 100, 74, "23/07/2019 17:28:25", 1563895705.97, 0.1, 1834, 18457, 18398, 0.990185387131952, 0.28303624641057595, 0.2805739754321122
"f", 5, 3, 100, 87, "23/07/2019 17:28:41", 1563895721.64, 0.05, 917, 18457, 18398, 0.965103598691385, 0.2601181123692908, 0.2577454071094684
"g", 5, 3, 100, 99, "23/07/2019 17:29:02", 1563895742.45, 0.01, 183, 18457, 18398, 0.825136612021858, 0.16508641707753155, 0.16240895749537992
"a", 5, 3, 100, 29, "23/07/2019 17:29:13", 1563895753.73, 1.0, 18340, 18457, 18398, 0.9641221374045802, 0.9359592566505933, 0.9360256549624959
"c", 5, 3, 100, 37, "23/07/2019 17:29:19", 1563895759.16, 0.5, 9170, 18457, 18398, 0.9394765539803708, 0.5973343446930703, 0.5996303946081096
"d", 5, 3, 100, 48, "23/07/2019 17:29:20", 1563895760.27, 0.3, 5502, 18457, 18398, 0.9805525263540531, 0.35737118708349136, 0.354114577671486
"e", 5, 3, 100, 75, "23/07/2019 17:29:21", 1563895761.08, 0.1, 1834, 18457, 18398, 0.9858233369683751, 0.2732838489461993, 0.271170779432547
"f", 5, 3, 100, 88, "23/07/2019 17:29:30", 1563895770.43, 0.05, 917, 18457, 18398, 0.9563794983642312, 0.2591428726228531, 0.25600608761821936
"g", 5, 3, 100, 100, "23/07/2019 17:29:45", 1563895785.01, 0.01, 183, 18457, 18398, 0.8469945355191257, 0.16530313702118438, 0.16262637243178607
"b", 5, 3, 100, 33, "23/07/2019 17:29:54", 1563895794.48, 0.7, 12838, 18457, 18398, 0.9707898426546191, 0.7261201712087555, 0.7302967713881944
"e", 5, 3, 100, 76, "23/07/2019 17:30:15", 1563895815.88, 0.1, 1834, 18457, 18398, 0.9912758996728462, 0.27415072872081053, 0.2708446570279378
"f", 5, 3, 100, 89, "23/07/2019 17:30:18", 1563895818.13, 0.05, 917, 18457, 18398, 0.9541984732824428, 0.2591970526087663, 0.2560604413523209
"d", 5, 3, 100, 49, "23/07/2019 17:30:45", 1563895845.8, 0.3, 5502, 18457, 18398, 0.9830970556161396, 0.357804626970797, 0.3535710403304707
"f", 5, 3, 100, 90, "23/07/2019 17:30:59", 1563895859.83, 0.05, 917, 18457, 18398, 0.9705561613958561, 0.25941377255241915, 0.25698445483204696
"e", 5, 3, 100, 77, "23/07/2019 17:31:05", 1563895865.37, 0.1, 1834, 18457, 18398, 0.990185387131952, 0.2752885084249878, 0.27160560930535926
"c", 5, 3, 100, 38, "23/07/2019 17:31:09", 1563895869.8, 0.5, 9170, 18457, 18398, 0.9368593238822246, 0.5880153871159993, 0.5862593760191325
"a", 5, 3, 100, 30, "23/07/2019 17:31:35", 1563895895.27, 1.0, 18340, 18457, 18398, 0.9640130861504908, 0.9307037980170125, 0.9342863354712468
"f", 5, 3, 100, 91, "23/07/2019 17:31:45", 1563895905.03, 0.05, 917, 18457, 18398, 0.960741548527808, 0.25963049249607195, 0.25649527122513316
"b", 5, 3, 100, 34, "23/07/2019 17:31:58", 1563895918.42, 0.7, 12838, 18457, 18398, 0.9731266552422496, 0.7300211301945061, 0.7276334384172193
"e", 5, 3, 100, 78, "23/07/2019 17:31:59", 1563895919.07, 0.1, 1834, 18457, 18398, 0.9923664122137404, 0.2749092485235954, 0.27160560930535926
"d", 5, 3, 100, 50, "23/07/2019 17:32:07", 1563895927.82, 0.3, 5502, 18457, 18398, 0.9821882951653944, 0.3577504469848838, 0.3559082508968366
"f", 5, 3, 100, 92, "23/07/2019 17:32:30", 1563895950.08, 0.05, 917, 18457, 18398, 0.9596510359869138, 0.2595763125101587, 0.25660397869333623
"e", 5, 3, 100, 79, "23/07/2019 17:32:52", 1563895972.8, 0.1, 1834, 18457, 18398, 0.9912758996728462, 0.2751801484531614, 0.2712794869007501
"c", 5, 3, 100, 39, "23/07/2019 17:32:56", 1563895976.79, 0.5, 9170, 18457, 18398, 0.9426390403489641, 0.5998266240450777, 0.6017501902380693
"f", 5, 3, 100, 93, "23/07/2019 17:33:13", 1563895993.69, 0.05, 917, 18457, 18398, 0.9640130861504908, 0.2601181123692908, 0.2573649309707577
"d", 5, 3, 100, 51, "23/07/2019 17:33:33", 1563896013.13, 0.3, 5502, 18457, 18398, 0.9772809887313704, 0.35867150674540826, 0.3555821284922274
"e", 5, 3, 100, 80, "23/07/2019 17:33:45", 1563896025.36, 0.1, 1834, 18457, 18398, 0.9890948745910578, 0.2740965487348973, 0.2712794869007501
"a", 5, 3, 100, 31, "23/07/2019 17:33:50", 1563896030.02, 1.0, 18340, 18457, 18398, 0.9670665212649946, 0.9391558758194722, 0.9391781715403849
"f", 5, 3, 100, 94, "23/07/2019 17:33:58", 1563896038.91, 0.05, 917, 18457, 18398, 0.9738276990185387, 0.2603890122988568, 0.2572018697684531
"b", 5, 3, 100, 35, "23/07/2019 17:34:00", 1563896040.13, 0.7, 12838, 18457, 18398, 0.9760087241003271, 0.7305629300536381, 0.733014458093271
"c", 5, 3, 100, 40, "23/07/2019 17:34:40", 1563896080.29, 0.5, 9170, 18457, 18398, 0.9446019629225736, 0.6004767838760362, 0.6016414827698663
"e", 5, 3, 100, 81, "23/07/2019 17:34:41", 1563896081.71, 0.1, 1834, 18457, 18398, 0.9896401308615049, 0.27485506853768216, 0.2708446570279378
"f", 5, 3, 100, 95, "23/07/2019 17:34:41", 1563896081.86, 0.05, 917, 18457, 18398, 0.965103598691385, 0.2601181123692908, 0.2572018697684531
"d", 5, 3, 100, 52, "23/07/2019 17:34:56", 1563896096.7, 0.3, 5502, 18457, 18398, 0.9809160305343512, 0.35818388687218944, 0.3556908359604305
"f", 5, 3, 100, 96, "23/07/2019 17:35:29", 1563896129.92, 0.05, 917, 18457, 18398, 0.9487459105779716, 0.26044319228477003, 0.25714751603435154
"e", 5, 3, 100, 82, "23/07/2019 17:35:36", 1563896136.28, 0.1, 1834, 18457, 18398, 0.9874591057797165, 0.2734463889039389, 0.27024676595282093
"b", 5, 3, 100, 36, "23/07/2019 17:36:02", 1563896162.26, 0.7, 12838, 18457, 18398, 0.9725035052188814, 0.7280164707157176, 0.7268181324056963
"a", 5, 3, 100, 32, "23/07/2019 17:36:10", 1563896170.86, 1.0, 18340, 18457, 18398, 0.9685387131952018, 0.9372595763125101, 0.9402108924883139
"f", 5, 3, 100, 97, "23/07/2019 17:36:15", 1563896175.53, 0.05, 917, 18457, 18398, 0.9705561613958561, 0.26093081215798886, 0.2577454071094684
"d", 5, 3, 100, 53, "23/07/2019 17:36:15", 1563896175.99, 0.3, 5502, 18457, 18398, 0.9856415848782261, 0.358075526900363, 0.35444070007609524
"e", 5, 3, 100, 83, "23/07/2019 17:36:24", 1563896184.33, 0.1, 1834, 18457, 18398, 0.990185387131952, 0.2745841686081162, 0.27160560930535926
"c", 5, 3, 100, 41, "23/07/2019 17:36:25", 1563896185.84, 0.5, 9170, 18457, 18398, 0.9422028353326063, 0.6005851438478625, 0.600282639417328
"f", 5, 3, 100, 98, "23/07/2019 17:37:04", 1563896224.74, 0.05, 917, 18457, 18398, 0.9640130861504908, 0.26098499214390203, 0.25807152951407764
"e", 5, 3, 100, 84, "23/07/2019 17:37:16", 1563896236.98, 0.1, 1834, 18457, 18398, 0.9912758996728462, 0.2746925285799426, 0.27122513316664854
"d", 5, 3, 100, 54, "23/07/2019 17:37:40", 1563896260.15, 0.3, 5502, 18457, 18398, 0.9803707742639041, 0.3590507666468007, 0.35579954342863357
"f", 5, 3, 100, 99, "23/07/2019 17:37:51", 1563896271.39, 0.05, 917, 18457, 18398, 0.9705561613958561, 0.2613100720593813, 0.25801717577997607
"b", 5, 3, 100, 37, "23/07/2019 17:37:59", 1563896279.5, 0.7, 12838, 18457, 18398, 0.9813833930518773, 0.73397626916617, 0.7373084030872921
"e", 5, 3, 100, 85, "23/07/2019 17:38:09", 1563896289.73, 0.1, 1834, 18457, 18398, 0.9912758996728462, 0.2734463889039389, 0.2681813240569627
"c", 5, 3, 100, 42, "23/07/2019 17:38:15", 1563896295.55, 0.5, 9170, 18457, 18398, 0.9449291166848419, 0.6054071625941377, 0.6071855636482226
"a", 5, 3, 100, 33, "23/07/2019 17:38:28", 1563896308.28, 1.0, 18340, 18457, 18398, 0.9722464558342421, 0.9416481551714797, 0.9449396673551473
"f", 5, 3, 100, 100, "23/07/2019 17:38:40", 1563896320.41, 0.05, 917, 18457, 18398, 0.9683751363140676, 0.2613100720593813, 0.25845200565278836
"d", 5, 3, 100, 55, "23/07/2019 17:38:58", 1563896338.24, 0.3, 5502, 18457, 18398, 0.9820065430752454, 0.35704610716801216, 0.3536797477986738
"e", 5, 3, 100, 86, "23/07/2019 17:38:59", 1563896339.64, 0.1, 1834, 18457, 18398, 0.9890948745910578, 0.27404236874898413, 0.27062724209153166
"e", 5, 3, 100, 87, "23/07/2019 17:39:49", 1563896389.57, 0.1, 1834, 18457, 18398, 0.9923664122137404, 0.2723627891856748, 0.26894227633438417
"b", 5, 3, 100, 38, "23/07/2019 17:39:58", 1563896398.58, 0.7, 12838, 18457, 18398, 0.9812276055460352, 0.7321341496451211, 0.735351668659637
"c", 5, 3, 100, 43, "23/07/2019 17:40:03", 1563896403.65, 0.5, 9170, 18457, 18398, 0.9461286804798256, 0.5958714850734139, 0.5973475377758451
"d", 5, 3, 100, 56, "23/07/2019 17:40:15", 1563896415.05, 0.3, 5502, 18457, 18398, 0.9818247909850963, 0.3593216665763667, 0.3558538971627351
"a", 5, 3, 100, 34, "23/07/2019 17:40:36", 1563896436.06, 1.0, 18340, 18457, 18398, 0.98206106870229, 0.9527550522836864, 0.9545602782911186
"e", 5, 3, 100, 88, "23/07/2019 17:40:36", 1563896436.9, 0.1, 1834, 18457, 18398, 0.9923664122137404, 0.27295876903072, 0.26937710620719646
"e", 5, 3, 100, 89, "23/07/2019 17:41:28", 1563896488.4, 0.1, 1834, 18457, 18398, 0.990185387131952, 0.27285040905889363, 0.2692140450048918
"d", 5, 3, 100, 57, "23/07/2019 17:41:32", 1563896492.59, 0.3, 5502, 18457, 18398, 0.9841875681570338, 0.35688356721027253, 0.35351668659636915
"c", 5, 3, 100, 44, "23/07/2019 17:41:41", 1563896501.78, 0.5, 9170, 18457, 18398, 0.9468920392584514, 0.6016687435661267, 0.6022937275790847
"b", 5, 3, 100, 39, "23/07/2019 17:41:50", 1563896510.37, 0.7, 12838, 18457, 18398, 0.975307680324038, 0.729696050279027, 0.7317099684748343
"e", 5, 3, 100, 90, "23/07/2019 17:42:21", 1563896541.12, 0.1, 1834, 18457, 18398, 0.9929116684841875, 0.2736631088475917, 0.2697575823459072
"a", 5, 3, 100, 35, "23/07/2019 17:42:45", 1563896565.62, 1.0, 18340, 18457, 18398, 0.9787350054525628, 0.9500460529880262, 0.9504293944994021
"d", 5, 3, 100, 58, "23/07/2019 17:42:45", 1563896565.91, 0.3, 5502, 18457, 18398, 0.9840058160668848, 0.35888822668906106, 0.354114577671486
"e", 5, 3, 100, 91, "23/07/2019 17:43:07", 1563896587.69, 0.1, 1834, 18457, 18398, 0.9923664122137404, 0.27295876903072, 0.26894227633438417
"c", 5, 3, 100, 45, "23/07/2019 17:43:22", 1563896602.62, 0.5, 9170, 18457, 18398, 0.951690294438386, 0.605732242509617, 0.606207196434395
"b", 5, 3, 100, 40, "23/07/2019 17:43:40", 1563896620.26, 0.7, 12838, 18457, 18398, 0.9832528431219816, 0.7382564880533131, 0.7389390151103381
"e", 5, 3, 100, 92, "23/07/2019 17:43:55", 1563896635.3, 0.1, 1834, 18457, 18398, 0.9945474372955289, 0.27274204908706723, 0.2687792151320796
"d", 5, 3, 100, 59, "23/07/2019 17:44:05", 1563896645.11, 0.3, 5502, 18457, 18398, 0.9829153035259905, 0.35840060681584224, 0.3558538971627351
"e", 5, 3, 100, 93, "23/07/2019 17:44:45", 1563896685.47, 0.1, 1834, 18457, 18398, 0.9907306434023991, 0.27295876903072, 0.26856180019567344
"a", 5, 3, 100, 36, "23/07/2019 17:44:52", 1563896692.34, 1.0, 18340, 18457, 18398, 0.9817884405670665, 0.9533510321287316, 0.9528209587998695
"c", 5, 3, 100, 46, "23/07/2019 17:45:00", 1563896700.92, 0.5, 9170, 18457, 18398, 0.9480916030534351, 0.6055155225659641, 0.605174475486466
"d", 5, 3, 100, 60, "23/07/2019 17:45:23", 1563896723.15, 0.3, 5502, 18457, 18398, 0.9803707742639041, 0.3574253670694046, 0.3547668224807044
"e", 5, 3, 100, 94, "23/07/2019 17:45:35", 1563896735.56, 0.1, 1834, 18457, 18398, 0.995092693565976, 0.2725795091293276, 0.26905098380258724
"b", 5, 3, 100, 41, "23/07/2019 17:45:36", 1563896736.76, 0.7, 12838, 18457, 18398, 0.9823960118398505, 0.7380939480955735, 0.7391020763126427
"e", 5, 3, 100, 95, "23/07/2019 17:46:24", 1563896784.64, 0.1, 1834, 18457, 18398, 0.995092693565976, 0.2730671290025465, 0.2697032286118056
"d", 5, 3, 100, 61, "23/07/2019 17:46:39", 1563896799.84, 0.3, 5502, 18457, 18398, 0.9874591057797165, 0.35910494663271386, 0.3552016523535167
"c", 5, 3, 100, 47, "23/07/2019 17:46:40", 1563896800.62, 0.5, 9170, 18457, 18398, 0.9496183206106871, 0.600151703960557, 0.6008805304924448
"a", 5, 3, 100, 37, "23/07/2019 17:47:03", 1563896823.64, 1.0, 18340, 18457, 18398, 0.9694111232279171, 0.9427317548897437, 0.9440700076095228
"e", 5, 3, 100, 96, "23/07/2019 17:47:16", 1563896836.96, 0.1, 1834, 18457, 18398, 0.9956379498364231, 0.27415072872081053, 0.27089901076203937
"b", 5, 3, 100, 42, "23/07/2019 17:47:33", 1563896853.55, 0.7, 12838, 18457, 18398, 0.984888611933323, 0.7386899279406187, 0.7415479943472116
"d", 5, 3, 100, 62, "23/07/2019 17:47:56", 1563896876.33, 0.3, 5502, 18457, 18398, 0.9889131225009088, 0.36040526629463077, 0.357375801717578
"e", 5, 3, 100, 97, "23/07/2019 17:48:05", 1563896885.26, 0.1, 1834, 18457, 18398, 0.9934569247546347, 0.27382564880533133, 0.2698119360800087
"c", 5, 3, 100, 48, "23/07/2019 17:48:23", 1563896903.28, 0.5, 9170, 18457, 18398, 0.9511450381679389, 0.6125047407487674, 0.6124578758560714
"e", 5, 3, 100, 98, "23/07/2019 17:48:54", 1563896934.12, 0.1, 1834, 18457, 18398, 0.9929116684841875, 0.2731754889743729, 0.2698662898141102
"a", 5, 3, 100, 38, "23/07/2019 17:49:10", 1563896950.83, 1.0, 18340, 18457, 18398, 0.9812977099236642, 0.9532968521428185, 0.9526035438634635
"d", 5, 3, 100, 63, "23/07/2019 17:49:14", 1563896954.01, 0.3, 5502, 18457, 18398, 0.9881861141403127, 0.3598634664354987, 0.35764757038808564
"b", 5, 3, 100, 43, "23/07/2019 17:49:23", 1563896963.98, 0.7, 12838, 18457, 18398, 0.9814612868047983, 0.7336511892506908, 0.7348081313186215
"e", 5, 3, 100, 99, "23/07/2019 17:49:42", 1563896982.23, 0.1, 1834, 18457, 18398, 0.9923664122137404, 0.2733922089180257, 0.2701924122187194
"c", 5, 3, 100, 49, "23/07/2019 17:50:00", 1563897000.62, 0.5, 9170, 18457, 18398, 0.9489640130861505, 0.6054071625941377, 0.6028916186542015
"e", 5, 3, 100, 100, "23/07/2019 17:50:32", 1563897032.37, 0.1, 1834, 18457, 18398, 0.995092693565976, 0.27431326867855016, 0.27100771823024244
"d", 5, 3, 100, 64, "23/07/2019 17:50:33", 1563897033.42, 0.3, 5502, 18457, 18398, 0.9885496183206107, 0.3599718264073251, 0.35650614197195346
"b", 5, 3, 100, 44, "23/07/2019 17:51:12", 1563897072.66, 0.7, 12838, 18457, 18398, 0.9862906994859012, 0.742211627024977, 0.7431242526361561
"a", 5, 3, 100, 39, "23/07/2019 17:51:16", 1563897076.83, 1.0, 18340, 18457, 18398, 0.98020719738277, 0.9510212927344639, 0.9510816393086206
"c", 5, 3, 100, 50, "23/07/2019 17:51:37", 1563897097.37, 0.5, 9170, 18457, 18398, 0.9422028353326063, 0.597767784580376, 0.5959886944233069
"d", 5, 3, 100, 65, "23/07/2019 17:51:40", 1563897100.54, 0.3, 5502, 18457, 18398, 0.9887313704107598, 0.3614888660128948, 0.358191107729101
"d", 5, 3, 100, 66, "23/07/2019 17:52:54", 1563897174.18, 0.3, 5502, 18457, 18398, 0.9880043620501636, 0.36024272633689114, 0.3572670942493749
"b", 5, 3, 100, 45, "23/07/2019 17:52:58", 1563897178.14, 0.7, 12838, 18457, 18398, 0.9884717245676897, 0.743837026602373, 0.7453527557343189
"c", 5, 3, 100, 51, "23/07/2019 17:53:08", 1563897188.98, 0.5, 9170, 18457, 18398, 0.9523446019629226, 0.6136967004388579, 0.6124578758560714
"a", 5, 3, 100, 40, "23/07/2019 17:53:14", 1563897194.99, 1.0, 18340, 18457, 18398, 0.9867502726281352, 0.9597984504524029, 0.9590172844874443
"d", 5, 3, 100, 67, "23/07/2019 17:54:06", 1563897246.44, 0.3, 5502, 18457, 18398, 0.9934569247546347, 0.36376442542124937, 0.3608544407000761
"c", 5, 3, 100, 52, "23/07/2019 17:54:41", 1563897281.08, 0.5, 9170, 18457, 18398, 0.9499454743729553, 0.6042693828899605, 0.6052288292205674
"b", 5, 3, 100, 46, "23/07/2019 17:54:41", 1563897281.25, 0.7, 12838, 18457, 18398, 0.9910422184140832, 0.7442162865037655, 0.7452440482661159
"a", 5, 3, 100, 41, "23/07/2019 17:55:15", 1563897315.77, 1.0, 18340, 18457, 18398, 0.989040348964013, 0.961423850029799, 0.961028372649201
"d", 5, 3, 100, 68, "23/07/2019 17:55:17", 1563897317.17, 0.3, 5502, 18457, 18398, 0.9858233369683751, 0.35861732675949504, 0.3556908359604305
"c", 5, 3, 100, 53, "23/07/2019 17:56:13", 1563897373.21, 0.5, 9170, 18457, 18398, 0.9512540894220284, 0.6076827220024923, 0.6068050875095119
"b", 5, 3, 100, 47, "23/07/2019 17:56:27", 1563897387.27, 0.7, 12838, 18457, 18398, 0.990496962143636, 0.7467085658557728, 0.7472007826937711
"d", 5, 3, 100, 69, "23/07/2019 17:56:28", 1563897388.95, 0.3, 5502, 18457, 18398, 0.9909123954925482, 0.36002600639323834, 0.35753886291988257
"a", 5, 3, 100, 42, "23/07/2019 17:57:13", 1563897433.2, 1.0, 18340, 18457, 18398, 0.9838058887677208, 0.9579021509454407, 0.9573323187302968
"d", 5, 3, 100, 70, "23/07/2019 17:57:42", 1563897462.17, 0.3, 5502, 18457, 18398, 0.9907306434023991, 0.36132632605515524, 0.35944124361343627
"c", 5, 3, 100, 54, "23/07/2019 17:57:42", 1563897462.29, 0.5, 9170, 18457, 18398, 0.9553980370774264, 0.6102291813404128, 0.610392433960213
"b", 5, 3, 100, 48, "23/07/2019 17:58:12", 1563897492.66, 0.7, 12838, 18457, 18398, 0.9911201121670042, 0.7477379855881238, 0.7476899663006848
"d", 5, 3, 100, 71, "23/07/2019 17:58:56", 1563897536.51, 0.3, 5502, 18457, 18398, 0.9890948745910578, 0.36132632605515524, 0.3592238286770301
"a", 5, 3, 100, 43, "23/07/2019 17:59:06", 1563897546.11, 1.0, 18340, 18457, 18398, 0.98206106870229, 0.9551931516497806, 0.9547776932275247
"c", 5, 3, 100, 55, "23/07/2019 17:59:13", 1563897553.45, 0.5, 9170, 18457, 18398, 0.9580152671755725, 0.6115836809882429, 0.6116969235786498
"b", 5, 3, 100, 49, "23/07/2019 17:59:53", 1563897593.33, 0.7, 12838, 18457, 18398, 0.9926779872254246, 0.7473587256867313, 0.7455701706707251
"d", 5, 3, 100, 72, "23/07/2019 18:00:08", 1563897608.45, 0.3, 5502, 18457, 18398, 0.9860050890585241, 0.36213902584385327, 0.3588433525383194
"c", 5, 3, 100, 56, "23/07/2019 18:00:48", 1563897648.37, 0.5, 9170, 18457, 18398, 0.950381679389313, 0.6039443029744812, 0.605391890422872
"a", 5, 3, 100, 44, "23/07/2019 18:01:02", 1563897662.57, 1.0, 18340, 18457, 18398, 0.9829334787350055, 0.955572411551173, 0.95532123056854
"d", 5, 3, 100, 73, "23/07/2019 18:01:17", 1563897677.16, 0.3, 5502, 18457, 18398, 0.9896401308615049, 0.36387278539307577, 0.3595499510816393
"b", 5, 3, 100, 50, "23/07/2019 18:01:32", 1563897692.27, 0.7, 12838, 18457, 18398, 0.9883938308147686, 0.743837026602373, 0.7456245244048266
"c", 5, 3, 100, 57, "23/07/2019 18:02:20", 1563897740.4, 0.5, 9170, 18457, 18398, 0.9539803707742639, 0.6095790215094544, 0.6103380802261116
"d", 5, 3, 100, 74, "23/07/2019 18:02:29", 1563897749.48, 0.3, 5502, 18457, 18398, 0.9929116684841875, 0.3619764858861137, 0.36069137949777147
"a", 5, 3, 100, 45, "23/07/2019 18:03:01", 1563897781.06, 1.0, 18340, 18457, 18398, 0.9864776444929116, 0.9603944302974481, 0.958365039678226
"b", 5, 3, 100, 51, "23/07/2019 18:03:17", 1563897797.47, 0.7, 12838, 18457, 18398, 0.9932232434958717, 0.7434577667009806, 0.7426350690292423
"d", 5, 3, 100, 75, "23/07/2019 18:03:41", 1563897821.67, 0.3, 5502, 18457, 18398, 0.9930934205743366, 0.3660399848296039, 0.36226763778671595
"c", 5, 3, 100, 58, "23/07/2019 18:03:50", 1563897830.76, 0.5, 9170, 18457, 18398, 0.9585605234460196, 0.611854580917809, 0.6101206652897054
"d", 5, 3, 100, 76, "23/07/2019 18:04:53", 1563897893.67, 0.3, 5502, 18457, 18398, 0.9929116684841875, 0.37460042260389015, 0.37368192194803784
"a", 5, 3, 100, 46, "23/07/2019 18:04:56", 1563897896.17, 1.0, 18340, 18457, 18398, 0.9886041439476554, 0.9597442704664897, 0.9611914338515056
"b", 5, 3, 100, 52, "23/07/2019 18:04:59", 1563897899.96, 0.7, 12838, 18457, 18398, 0.9882380433089266, 0.7392317277997508, 0.7402435047287749
"c", 5, 3, 100, 59, "23/07/2019 18:05:22", 1563897922.57, 0.5, 9170, 18457, 18398, 0.9523446019629226, 0.6003684239042097, 0.5974562452440483
"d", 5, 3, 100, 77, "23/07/2019 18:06:06", 1563897966.76, 0.3, 5502, 18457, 18398, 0.9938204289349327, 0.3670694045619548, 0.3636264811392543
"b", 5, 3, 100, 53, "23/07/2019 18:06:39", 1563897999.44, 0.7, 12838, 18457, 18398, 0.9835644181336657, 0.7371187083491358, 0.7366561582780737
"c", 5, 3, 100, 60, "23/07/2019 18:06:51", 1563898011.28, 0.5, 9170, 18457, 18398, 0.9617230098146129, 0.6152137400444276, 0.6143059028155234
"a", 5, 3, 100, 47, "23/07/2019 18:06:53", 1563898013.56, 1.0, 18340, 18457, 18398, 0.9890948745910578, 0.961694749959365, 0.963582998151973
"d", 5, 3, 100, 78, "23/07/2019 18:07:17", 1563898037.55, 0.3, 5502, 18457, 18398, 0.9920029080334424, 0.3645229452240342, 0.3629742363300359
"b", 5, 3, 100, 54, "23/07/2019 18:08:19", 1563898099.71, 0.7, 12838, 18457, 18398, 0.990341174637794, 0.7429159668418486, 0.7450809870638113
"c", 5, 3, 100, 61, "23/07/2019 18:08:24", 1563898104.3, 0.5, 9170, 18457, 18398, 0.9621592148309706, 0.6183561792273934, 0.616099576040874
"d", 5, 3, 100, 79, "23/07/2019 18:08:29", 1563898109.69, 0.3, 5502, 18457, 18398, 0.9929116684841875, 0.364197865308555, 0.3609087944341776
"a", 5, 3, 100, 48, "23/07/2019 18:08:52", 1563898132.11, 1.0, 18340, 18457, 18398, 0.9877862595419847, 0.9565476512976107, 0.9588542232851397
"d", 5, 3, 100, 80, "23/07/2019 18:09:38", 1563898178.76, 0.3, 5502, 18457, 18398, 0.9909123954925482, 0.36143468602698164, 0.358191107729101
"c", 5, 3, 100, 62, "23/07/2019 18:09:55", 1563898195.55, 0.5, 9170, 18457, 18398, 0.958669574700109, 0.6169474995936501, 0.6164800521795848
"b", 5, 3, 100, 55, "23/07/2019 18:10:00", 1563898200.68, 0.7, 12838, 18457, 18398, 0.9599626109985979, 0.7198352928428239, 0.7198065007065986
"a", 5, 3, 100, 49, "23/07/2019 18:10:49", 1563898249.07, 1.0, 18340, 18457, 18398, 0.9907851690294438, 0.9642412092972856, 0.9640178280247853
"d", 5, 3, 100, 81, "23/07/2019 18:10:50", 1563898250.02, 0.3, 5502, 18457, 18398, 0.9934569247546347, 0.3641436853226418, 0.3615066855092945
"c", 5, 3, 100, 63, "23/07/2019 18:11:30", 1563898290.01, 0.5, 9170, 18457, 18398, 0.9577971646673937, 0.6127756406783335, 0.6111533862376345
"b", 5, 3, 100, 56, "23/07/2019 18:11:43", 1563898303.16, 0.7, 12838, 18457, 18398, 0.9919769434491353, 0.7497968250528255, 0.7499728231329492
"d", 5, 3, 100, 82, "23/07/2019 18:12:00", 1563898320.06, 0.3, 5502, 18457, 18398, 0.9883678662304617, 0.36002600639323834, 0.3567779106424611
"a", 5, 3, 100, 50, "23/07/2019 18:12:49", 1563898369.19, 1.0, 18340, 18457, 18398, 0.9912213740458016, 0.9639703093677195, 0.964507011631699
"c", 5, 3, 100, 64, "23/07/2019 18:12:57", 1563898377.02, 0.5, 9170, 18457, 18398, 0.9596510359869138, 0.6190063390583519, 0.618654201543646
"d", 5, 3, 100, 83, "23/07/2019 18:13:12", 1563898392.31, 0.3, 5502, 18457, 18398, 0.9920029080334424, 0.3611637860974156, 0.3603652570931623
"b", 5, 3, 100, 57, "23/07/2019 18:13:27", 1563898407.49, 0.7, 12838, 18457, 18398, 0.994703224801371, 0.7481714254754294, 0.7493205783237309
"d", 5, 3, 100, 84, "23/07/2019 18:14:21", 1563898461.91, 0.3, 5502, 18457, 18398, 0.9936386768447837, 0.3640353253508154, 0.36107185563648225
"c", 5, 3, 100, 65, "23/07/2019 18:14:29", 1563898469.98, 0.5, 9170, 18457, 18398, 0.9624863685932388, 0.61001246139676, 0.6102293727579085
"a", 5, 3, 100, 51, "23/07/2019 18:14:49", 1563898489.32, 1.0, 18340, 18457, 18398, 0.9868593238822246, 0.9580646909031804, 0.9566800739210783
"b", 5, 3, 100, 58, "23/07/2019 18:15:09", 1563898509.8, 0.7, 12838, 18457, 18398, 0.9961053123539492, 0.7484423254049954, 0.7478530275029894
"d", 5, 3, 100, 85, "23/07/2019 18:15:33", 1563898533.23, 0.3, 5502, 18457, 18398, 0.9938204289349327, 0.3626808257029853, 0.36009348842265465
"c", 5, 3, 100, 66, "23/07/2019 18:16:01", 1563898561.7, 0.5, 9170, 18457, 18398, 0.9410032715376226, 0.5990681042422928, 0.5989781497988912
"d", 5, 3, 100, 86, "23/07/2019 18:16:44", 1563898604.05, 0.3, 5502, 18457, 18398, 0.9887313704107598, 0.3627891856748117, 0.36259376019132517
"a", 5, 3, 100, 52, "23/07/2019 18:16:44", 1563898604.14, 1.0, 18340, 18457, 18398, 0.9851690294438386, 0.9582814108468332, 0.9571149037938906
"b", 5, 3, 100, 59, "23/07/2019 18:16:56", 1563898616.91, 0.7, 12838, 18457, 18398, 0.9968063561302384, 0.7506637048274367, 0.751168605283183
"c", 5, 3, 100, 67, "23/07/2019 18:17:35", 1563898655.05, 0.5, 9170, 18457, 18398, 0.9656488549618321, 0.6120171208755486, 0.6099576040874009
"d", 5, 3, 100, 87, "23/07/2019 18:17:52", 1563898672.28, 0.3, 5502, 18457, 18398, 0.9923664122137404, 0.3650647450831663, 0.3640613110120665
"b", 5, 3, 100, 60, "23/07/2019 18:18:39", 1563898719.8, 0.7, 12838, 18457, 18398, 0.994781118554292, 0.7490924852359538, 0.7498641156647462
"a", 5, 3, 100, 53, "23/07/2019 18:18:43", 1563898723.19, 1.0, 18340, 18457, 18398, 0.990567066521265, 0.9649997291000705, 0.9630394608109577
"d", 5, 3, 100, 88, "23/07/2019 18:19:03", 1563898743.2, 0.3, 5502, 18457, 18398, 0.9958197019265722, 0.36165140597063444, 0.3603652570931623
"c", 5, 3, 100, 68, "23/07/2019 18:19:04", 1563898744.81, 0.5, 9170, 18457, 18398, 0.960741548527808, 0.6128840006501598, 0.6126752907924774
"d", 5, 3, 100, 89, "23/07/2019 18:20:16", 1563898816.01, 0.3, 5502, 18457, 18398, 0.9925481643038895, 0.36008018637915157, 0.35813675399499945
"b", 5, 3, 100, 61, "23/07/2019 18:20:22", 1563898822.05, 0.7, 12838, 18457, 18398, 0.9968063561302384, 0.7506637048274367, 0.752092618762909
"a", 5, 3, 100, 54, "23/07/2019 18:20:35", 1563898835.49, 1.0, 18340, 18457, 18398, 0.990567066521265, 0.9619656498889311, 0.9647787803022068
"c", 5, 3, 100, 69, "23/07/2019 18:20:36", 1563898836.8, 0.5, 9170, 18457, 18398, 0.9585605234460196, 0.6106626212277185, 0.6097401891509947
"d", 5, 3, 100, 90, "23/07/2019 18:21:25", 1563898885.4, 0.3, 5502, 18457, 18398, 0.9936386768447837, 0.3623557457875061, 0.35862593760191325
"b", 5, 3, 100, 62, "23/07/2019 18:22:09", 1563898929.63, 0.7, 12838, 18457, 18398, 0.9940800747780028, 0.7503928048978707, 0.7493749320578323
"c", 5, 3, 100, 70, "23/07/2019 18:22:10", 1563898930.73, 0.5, 9170, 18457, 18398, 0.965103598691385, 0.6179227393400878, 0.6159365148385694
"a", 5, 3, 100, 55, "23/07/2019 18:22:30", 1563898950.3, 1.0, 18340, 18457, 18398, 0.9878407851690294, 0.9612071300861462, 0.9616262637243178
"d", 5, 3, 100, 91, "23/07/2019 18:22:37", 1563898957.05, 0.3, 5502, 18457, 18398, 0.9918211559432933, 0.36181394592837407, 0.3586802913360148
"c", 5, 3, 100, 71, "23/07/2019 18:23:40", 1563899020.51, 0.5, 9170, 18457, 18398, 0.966412213740458, 0.6162431597767785, 0.6162082835090771
"d", 5, 3, 100, 92, "23/07/2019 18:23:49", 1563899029.66, 0.3, 5502, 18457, 18398, 0.9932751726644856, 0.36316844557620415, 0.3604739645613654
"b", 5, 3, 100, 63, "23/07/2019 18:23:53", 1563899033.02, 0.7, 12838, 18457, 18398, 0.9924443059666614, 0.7492008452077803, 0.7476356125665833
"a", 5, 3, 100, 56, "23/07/2019 18:24:30", 1563899070.85, 1.0, 18340, 18457, 18398, 0.9920392584514722, 0.9659207888605948, 0.9641808892270899
"d", 5, 3, 100, 93, "23/07/2019 18:24:58", 1563899098.28, 0.3, 5502, 18457, 18398, 0.9943656852053798, 0.3640895053367286, 0.3615066855092945
"c", 5, 3, 100, 72, "23/07/2019 18:25:09", 1563899109.63, 0.5, 9170, 18457, 18398, 0.9672846237731734, 0.6112044210868505, 0.6104467876943146
"b", 5, 3, 100, 64, "23/07/2019 18:25:40", 1563899140.52, 0.7, 12838, 18457, 18398, 0.994936906060134, 0.7479547055317766, 0.748831394716817
"d", 5, 3, 100, 94, "23/07/2019 18:26:10", 1563899170.37, 0.3, 5502, 18457, 18398, 0.9947291893856779, 0.3607845261960232, 0.359006413740624
"a", 5, 3, 100, 57, "23/07/2019 18:26:29", 1563899189.78, 1.0, 18340, 18457, 18398, 0.992639040348964, 0.964349569269112, 0.9641808892270899
"c", 5, 3, 100, 73, "23/07/2019 18:26:41", 1563899201.2, 0.5, 9170, 18457, 18398, 0.968484187568157, 0.6152679200303408, 0.6143059028155234
"d", 5, 3, 100, 95, "23/07/2019 18:27:18", 1563899238.78, 0.3, 5502, 18457, 18398, 0.9943656852053798, 0.3640895053367286, 0.36112620937058376
"b", 5, 3, 100, 65, "23/07/2019 18:27:20", 1563899240.09, 0.7, 12838, 18457, 18398, 0.995092693565976, 0.7520723844611801, 0.7516034351559953
"c", 5, 3, 100, 74, "23/07/2019 18:28:13", 1563899293.67, 0.5, 9170, 18457, 18398, 0.9682660850599782, 0.6132632605515522, 0.6118599847809545
"a", 5, 3, 100, 58, "23/07/2019 18:28:27", 1563899307.61, 1.0, 18340, 18457, 18398, 0.9953653217011995, 0.9687923281139947, 0.9705946298510708
"d", 5, 3, 100, 96, "23/07/2019 18:28:29", 1563899309.33, 0.3, 5502, 18457, 18398, 0.9943656852053798, 0.3638186054071626, 0.3619415153821067
"b", 5, 3, 100, 66, "23/07/2019 18:29:02", 1563899342.87, 0.7, 12838, 18457, 18398, 0.9959495248481072, 0.7516389445738744, 0.7532884009131428
"d", 5, 3, 100, 97, "23/07/2019 18:29:39", 1563899379.45, 0.3, 5502, 18457, 18398, 0.995092693565976, 0.36284336566072495, 0.35993042722035
"c", 5, 3, 100, 75, "23/07/2019 18:29:43", 1563899383.14, 0.5, 9170, 18457, 18398, 0.9669574700109052, 0.6191146990301782, 0.6176758343298184
"a", 5, 3, 100, 59, "23/07/2019 18:30:24", 1563899424.38, 1.0, 18340, 18457, 18398, 0.9944383860414395, 0.9692799479872135, 0.9690183715621263
"b", 5, 3, 100, 67, "23/07/2019 18:30:44", 1563899444.13, 0.7, 12838, 18457, 18398, 0.9958716310951862, 0.7507720647992632, 0.751277312751386
"d", 5, 3, 100, 98, "23/07/2019 18:30:50", 1563899450.39, 0.3, 5502, 18457, 18398, 0.9936386768447837, 0.361001246139676, 0.3594955973475378
"c", 5, 3, 100, 76, "23/07/2019 18:31:18", 1563899478.11, 0.5, 9170, 18457, 18398, 0.9617230098146129, 0.6146719401852956, 0.6141428416132189
"d", 5, 3, 100, 99, "23/07/2019 18:31:57", 1563899517.67, 0.3, 5502, 18457, 18398, 0.9929116684841875, 0.36143468602698164, 0.3595499510816393
"a", 5, 3, 100, 60, "23/07/2019 18:32:22", 1563899542.53, 1.0, 18340, 18457, 18398, 0.9931842966194111, 0.9655957089451157, 0.9656484400478312
"b", 5, 3, 100, 68, "23/07/2019 18:32:29", 1563899549.17, 0.7, 12838, 18457, 18398, 0.9964168873656333, 0.7503928048978707, 0.7501358843352538
"c", 5, 3, 100, 77, "23/07/2019 18:32:48", 1563899568.46, 0.5, 9170, 18457, 18398, 0.9705561613958561, 0.6181936392696538, 0.6175127731275138
"d", 5, 3, 100, 100, "23/07/2019 18:33:07", 1563899587.96, 0.3, 5502, 18457, 18398, 0.9941839331152308, 0.3610554261255892, 0.3586802913360148
"b", 5, 3, 100, 69, "23/07/2019 18:34:08", 1563899648.35, 0.7, 12838, 18457, 18398, 0.9969621436360804, 0.7503386249119576, 0.7504076530057615
"c", 5, 3, 100, 78, "23/07/2019 18:34:12", 1563899652.99, 0.5, 9170, 18457, 18398, 0.9647764449291167, 0.6135883404670315, 0.6121317534514621
"a", 5, 3, 100, 61, "23/07/2019 18:34:14", 1563899654.32, 1.0, 18340, 18457, 18398, 0.9930752453653217, 0.9641870293113723, 0.9653223176432221
"c", 5, 3, 100, 79, "23/07/2019 18:35:35", 1563899735.48, 0.5, 9170, 18457, 18398, 0.9564885496183206, 0.6139134203825107, 0.6106098488966192
"b", 5, 3, 100, 70, "23/07/2019 18:35:44", 1563899744.0, 0.7, 12838, 18457, 18398, 0.995092693565976, 0.7481172454895162, 0.7489401021850202
"a", 5, 3, 100, 62, "23/07/2019 18:36:00", 1563899760.7, 1.0, 18340, 18457, 18398, 0.9928026172300981, 0.9652706290296365, 0.9669529296662681
"c", 5, 3, 100, 80, "23/07/2019 18:36:59", 1563899819.75, 0.5, 9170, 18457, 18398, 0.9718647764449291, 0.6191146990301782, 0.6159365148385694
"b", 5, 3, 100, 71, "23/07/2019 18:37:18", 1563899838.71, 0.7, 12838, 18457, 18398, 0.9894064496027418, 0.7450289862924636, 0.745461463202522
"a", 5, 3, 100, 63, "23/07/2019 18:37:46", 1563899866.05, 1.0, 18340, 18457, 18398, 0.9916575790621592, 0.9632117895649347, 0.9642352429611915
"c", 5, 3, 100, 81, "23/07/2019 18:38:19", 1563899899.96, 0.5, 9170, 18457, 18398, 0.9736095965103598, 0.6207400986075744, 0.6175671268616154
"b", 5, 3, 100, 72, "23/07/2019 18:38:52", 1563899932.3, 0.7, 12838, 18457, 18398, 0.9967284623773174, 0.750988784742916, 0.7515490814218937
"a", 5, 3, 100, 64, "23/07/2019 18:39:32", 1563899972.39, 1.0, 18340, 18457, 18398, 0.9939476553980371, 0.9666793086633797, 0.9674964670072834
"c", 5, 3, 100, 82, "23/07/2019 18:39:42", 1563899982.74, 0.5, 9170, 18457, 18398, 0.9714285714285714, 0.610825161185458, 0.6078921621915425
"b", 5, 3, 100, 73, "23/07/2019 18:40:24", 1563900024.71, 0.7, 12838, 18457, 18398, 0.9971179311419224, 0.7497426450669122, 0.7482878573758017
"c", 5, 3, 100, 83, "23/07/2019 18:41:07", 1563900067.99, 0.5, 9170, 18457, 18398, 0.9690294438386041, 0.6203066587202687, 0.6174584193934123
"a", 5, 3, 100, 65, "23/07/2019 18:41:16", 1563900076.35, 1.0, 18340, 18457, 18398, 0.9938386041439476, 0.966733488649293, 0.9673877595390803
"b", 5, 3, 100, 74, "23/07/2019 18:41:57", 1563900117.67, 0.7, 12838, 18457, 18398, 0.9971958248948435, 0.7505011648696971, 0.7522013262311121
"c", 5, 3, 100, 84, "23/07/2019 18:42:29", 1563900149.72, 0.5, 9170, 18457, 18398, 0.9739367502726282, 0.614509400227556, 0.6122948146537667
"a", 5, 3, 100, 66, "23/07/2019 18:43:01", 1563900181.49, 1.0, 18340, 18457, 18398, 0.9928026172300981, 0.964620469198678, 0.9667898684639634
"b", 5, 3, 100, 75, "23/07/2019 18:43:31", 1563900211.61, 0.7, 12838, 18457, 18398, 0.9964947811185543, 0.7482256054613425, 0.7480704424393956
"c", 5, 3, 100, 85, "23/07/2019 18:43:55", 1563900235.2, 0.5, 9170, 18457, 18398, 0.9732824427480916, 0.6257788372975023, 0.6245244048266115
"a", 5, 3, 100, 67, "23/07/2019 18:44:47", 1563900287.03, 1.0, 18340, 18457, 18398, 0.9951472191930207, 0.9665709486915534, 0.967659528209588
"b", 5, 3, 100, 76, "23/07/2019 18:45:00", 1563900300.91, 0.7, 12838, 18457, 18398, 0.994781118554292, 0.7468711058135125, 0.7483422111099033
"c", 5, 3, 100, 86, "23/07/2019 18:45:20", 1563900320.23, 0.5, 9170, 18457, 18398, 0.9760087241003271, 0.6261039172129815, 0.6264811392542667
"b", 5, 3, 100, 77, "23/07/2019 18:46:32", 1563900392.22, 0.7, 12838, 18457, 18398, 0.9979747624240536, 0.7499593650105651, 0.751983911294706
"a", 5, 3, 100, 68, "23/07/2019 18:46:32", 1563900392.38, 1.0, 18340, 18457, 18398, 0.9829880043620501, 0.9545429918188221, 0.9561908903141646
"c", 5, 3, 100, 87, "23/07/2019 18:46:43", 1563900403.41, 0.5, 9170, 18457, 18398, 0.97546346782988, 0.6240450777482798, 0.6234916838786825
"b", 5, 3, 100, 78, "23/07/2019 18:48:04", 1563900484.73, 0.7, 12838, 18457, 18398, 0.9979747624240536, 0.7509346047570028, 0.7525274486357213
"c", 5, 3, 100, 88, "23/07/2019 18:48:08", 1563900488.05, 0.5, 9170, 18457, 18398, 0.9755725190839695, 0.6210109985371404, 0.6213718882487227
"a", 5, 3, 100, 69, "23/07/2019 18:48:17", 1563900497.81, 1.0, 18340, 18457, 18398, 0.9936205016357688, 0.9673836484802514, 0.9648331340363083
"c", 5, 3, 100, 89, "23/07/2019 18:49:26", 1563900566.35, 0.5, 9170, 18457, 18398, 0.9789531079607415, 0.6244243376496722, 0.6238721600173932
"b", 5, 3, 100, 79, "23/07/2019 18:49:30", 1563900570.46, 0.7, 12838, 18457, 18398, 0.9982863374357377, 0.7514764046161349, 0.7518752038265029
"a", 5, 3, 100, 70, "23/07/2019 18:49:53", 1563900593.54, 1.0, 18340, 18457, 18398, 0.9940567066521265, 0.9671669285365986, 0.967768235677791
"c", 5, 3, 100, 90, "23/07/2019 18:50:40", 1563900640.72, 0.5, 9170, 18457, 18398, 0.9765539803707742, 0.6211193585089668, 0.6211544733123165
"b", 5, 3, 100, 80, "23/07/2019 18:50:52", 1563900652.19, 0.7, 12838, 18457, 18398, 0.9987536999532638, 0.7520723844611801, 0.7517664963582998
"a", 5, 3, 100, 71, "23/07/2019 18:51:29", 1563900689.41, 1.0, 18340, 18457, 18398, 0.9932388222464559, 0.962507449748063, 0.9637460593542776
"c", 5, 3, 100, 91, "23/07/2019 18:51:55", 1563900715.4, 0.5, 9170, 18457, 18398, 0.9763358778625955, 0.621444438424446, 0.6203391673007935
"b", 5, 3, 100, 81, "23/07/2019 18:52:16", 1563900736.27, 0.7, 12838, 18457, 18398, 0.9972737186477645, 0.7499051850246519, 0.7491575171214262
"a", 5, 3, 100, 72, "23/07/2019 18:53:03", 1563900783.44, 1.0, 18340, 18457, 18398, 0.9932388222464559, 0.96516226905781, 0.9664093923252527
"c", 5, 3, 100, 92, "23/07/2019 18:53:07", 1563900787.85, 0.5, 9170, 18457, 18398, 0.972082878953108, 0.6220945982554045, 0.6221871942602457
"b", 5, 3, 100, 82, "23/07/2019 18:53:39", 1563900819.42, 0.7, 12838, 18457, 18398, 0.9987536999532638, 0.7539686839681422, 0.7518208500924013
"c", 5, 3, 100, 93, "23/07/2019 18:54:22", 1563900862.63, 0.5, 9170, 18457, 18398, 0.9750272628135224, 0.6108793411713713, 0.6066420263072073
"a", 5, 3, 100, 73, "23/07/2019 18:54:39", 1563900879.59, 1.0, 18340, 18457, 18398, 0.992257360959651, 0.9633201495367611, 0.9656484400478312
"b", 5, 3, 100, 83, "23/07/2019 18:55:05", 1563900905.36, 0.7, 12838, 18457, 18398, 0.9989094874591058, 0.7523974643766592, 0.7514947276877921
"c", 5, 3, 100, 94, "23/07/2019 18:55:37", 1563900937.42, 0.5, 9170, 18457, 18398, 0.9763358778625955, 0.6215527983962724, 0.6195238612892706
"a", 5, 3, 100, 74, "23/07/2019 18:56:14", 1563900974.34, 1.0, 18340, 18457, 18398, 0.9944383860414395, 0.9657582489028553, 0.9653766713773236
"b", 5, 3, 100, 84, "23/07/2019 18:56:29", 1563900989.64, 0.7, 12838, 18457, 18398, 0.9991431687178688, 0.7532101641653574, 0.752092618762909
"c", 5, 3, 100, 95, "23/07/2019 18:56:52", 1563901012.47, 0.5, 9170, 18457, 18398, 0.9775354416575791, 0.6269166170016796, 0.6252310033699315
"a", 5, 3, 100, 75, "23/07/2019 18:57:48", 1563901068.46, 1.0, 18340, 18457, 18398, 0.9919847328244275, 0.9638077694099799, 0.9649418415045113
"b", 5, 3, 100, 85, "23/07/2019 18:57:52", 1563901072.36, 0.7, 12838, 18457, 18398, 0.9989094874591058, 0.7527767242780516, 0.7529622785085336
"c", 5, 3, 100, 96, "23/07/2019 18:58:05", 1563901085.61, 0.5, 9170, 18457, 18398, 0.9743729552889858, 0.6201982987484423, 0.6175127731275138
"b", 5, 3, 100, 86, "23/07/2019 18:59:14", 1563901154.09, 0.7, 12838, 18457, 18398, 0.9971179311419224, 0.750176084954218, 0.7500815306011523
"c", 5, 3, 100, 97, "23/07/2019 18:59:19", 1563901159.29, 0.5, 9170, 18457, 18398, 0.9814612868047983, 0.623557457875061, 0.6198499836938798
"a", 5, 3, 100, 76, "23/07/2019 18:59:21", 1563901161.17, 1.0, 18340, 18457, 18398, 0.9875136314067612, 0.9611529501002329, 0.9591803456897489
"c", 5, 3, 100, 98, "23/07/2019 19:00:36", 1563901236.6, 0.5, 9170, 18457, 18398, 0.9741548527808069, 0.6187354391287858, 0.6173497119252093
"b", 5, 3, 100, 87, "23/07/2019 19:00:40", 1563901240.26, 0.7, 12838, 18457, 18398, 0.9971958248948435, 0.7525600043343988, 0.7533427546472443
"a", 5, 3, 100, 77, "23/07/2019 19:00:57", 1563901257.18, 1.0, 18340, 18457, 18398, 0.9970010905125409, 0.9699842878040852, 0.9704859223828677
"c", 5, 3, 100, 99, "23/07/2019 19:01:49", 1563901309.19, 0.5, 9170, 18457, 18398, 0.9822246455834243, 0.6247494175651515, 0.6244156973584085
"b", 5, 3, 100, 88, "23/07/2019 19:02:04", 1563901324.38, 0.7, 12838, 18457, 18398, 0.9965726748714753, 0.7492550251936935, 0.7491031633873247
"a", 5, 3, 100, 78, "23/07/2019 19:02:34", 1563901354.85, 1.0, 18340, 18457, 18398, 0.9919847328244275, 0.9650539090859837, 0.9652679639091205
"c", 5, 3, 100, 100, "23/07/2019 19:03:02", 1563901382.15, 0.5, 9170, 18457, 18398, 0.9799345692475463, 0.621715338354012, 0.6170235895206001
"b", 5, 3, 100, 89, "23/07/2019 19:03:26", 1563901406.21, 0.7, 12838, 18457, 18398, 0.9985200186945007, 0.7531018041935309, 0.7526361561039243
"a", 5, 3, 100, 79, "23/07/2019 19:04:03", 1563901443.66, 1.0, 18340, 18457, 18398, 0.9978735005452563, 0.9718805873110473, 0.9722795956082183
"b", 5, 3, 100, 90, "23/07/2019 19:04:39", 1563901479.2, 0.7, 12838, 18457, 18398, 0.9985200186945007, 0.754998103700493, 0.7542124143928688
"a", 5, 3, 100, 80, "23/07/2019 19:05:29", 1563901529.11, 1.0, 18340, 18457, 18398, 0.9942202835332606, 0.9681421682830362, 0.9679312968800957
"b", 5, 3, 100, 91, "23/07/2019 19:05:54", 1563901554.21, 0.7, 12838, 18457, 18398, 0.9987536999532638, 0.7532101641653574, 0.7531796934449396
"a", 5, 3, 100, 81, "23/07/2019 19:06:53", 1563901613.89, 1.0, 18340, 18457, 18398, 0.9952017448200654, 0.9690090480576475, 0.9697793238395478
"b", 5, 3, 100, 92, "23/07/2019 19:07:07", 1563901627.33, 0.7, 12838, 18457, 18398, 0.9987536999532638, 0.7548355637427534, 0.754538536797478
"a", 5, 3, 100, 82, "23/07/2019 19:08:16", 1563901696.78, 1.0, 18340, 18457, 18398, 0.9892039258451473, 0.9618031099311914, 0.9610827263833025
"b", 5, 3, 100, 93, "23/07/2019 19:08:23", 1563901703.09, 0.7, 12838, 18457, 18398, 0.9971179311419224, 0.7483881454190822, 0.7471464289596695
"b", 5, 3, 100, 94, "23/07/2019 19:09:38", 1563901778.16, 0.7, 12838, 18457, 18398, 0.9982084436828167, 0.7527225442921385, 0.7531253397108382
"a", 5, 3, 100, 83, "23/07/2019 19:09:40", 1563901780.32, 1.0, 18340, 18457, 18398, 0.996782988004362, 0.968358888226689, 0.9678769431459942
"b", 5, 3, 100, 95, "23/07/2019 19:10:53", 1563901853.77, 0.7, 12838, 18457, 18398, 0.9989094874591058, 0.7519640244893536, 0.7528535710403305
"a", 5, 3, 100, 84, "23/07/2019 19:11:05", 1563901866.0, 1.0, 18340, 18457, 18398, 0.9952017448200654, 0.9673836484802514, 0.9677138819436896
"b", 5, 3, 100, 96, "23/07/2019 19:12:06", 1563901926.61, 0.7, 12838, 18457, 18398, 0.9978189749182116, 0.7525058243484857, 0.7513860202195891
"a", 5, 3, 100, 85, "23/07/2019 19:12:23", 1563901943.19, 1.0, 18340, 18457, 18398, 0.9959651035986914, 0.9680338083112099, 0.9680943580824003
"b", 5, 3, 100, 97, "23/07/2019 19:13:10", 1563901990.25, 0.7, 12838, 18457, 18398, 0.9975852936594485, 0.7516931245597877, 0.7529622785085336
"a", 5, 3, 100, 86, "23/07/2019 19:13:35", 1563902015.94, 1.0, 18340, 18457, 18398, 0.9878953107960742, 0.9575770710299615, 0.9590716382215458
"b", 5, 3, 100, 98, "23/07/2019 19:14:15", 1563902055.11, 0.7, 12838, 18457, 18398, 0.9989873812120268, 0.7525600043343988, 0.7528535710403305
"a", 5, 3, 100, 87, "23/07/2019 19:14:48", 1563902088.27, 1.0, 18340, 18457, 18398, 0.9957470010905125, 0.9700926477759115, 0.9701597999782585
"b", 5, 3, 100, 99, "23/07/2019 19:15:20", 1563902120.23, 0.7, 12838, 18457, 18398, 0.9978968686711326, 0.7512596846724819, 0.7523643874334167
"a", 5, 3, 100, 88, "23/07/2019 19:16:00", 1563902160.04, 1.0, 18340, 18457, 18398, 0.996401308615049, 0.9721514872406133, 0.9723339493423199
"b", 5, 3, 100, 100, "23/07/2019 19:16:24", 1563902184.5, 0.7, 12838, 18457, 18398, 0.9968842498831594, 0.7494175651514331, 0.7500271768670508
"a", 5, 3, 100, 89, "23/07/2019 19:17:06", 1563902226.08, 1.0, 18340, 18457, 18398, 0.9952562704471102, 0.967004388578859, 0.967768235677791
"a", 5, 3, 100, 90, "23/07/2019 19:18:06", 1563902286.75, 1.0, 18340, 18457, 18398, 0.997928026172301, 0.9711762474941756, 0.9713555821284923
"a", 5, 3, 100, 91, "23/07/2019 19:19:07", 1563902347.92, 1.0, 18340, 18457, 18398, 0.9952017448200654, 0.968358888226689, 0.9679856506141972
"a", 5, 3, 100, 92, "23/07/2019 19:20:08", 1563902408.59, 1.0, 18340, 18457, 18398, 0.9958015267175573, 0.9700384677899984, 0.9686922491575172
"a", 5, 3, 100, 93, "23/07/2019 19:21:08", 1563902468.55, 1.0, 18340, 18457, 18398, 0.995856052344602, 0.9689548680717343, 0.9685291879552125
"a", 5, 3, 100, 94, "23/07/2019 19:22:09", 1563902529.23, 1.0, 18340, 18457, 18398, 0.997164667393675, 0.970471907677304, 0.9696706163713447
"a", 5, 3, 100, 95, "23/07/2019 19:23:10", 1563902590.47, 1.0, 18340, 18457, 18398, 0.9948745910577972, 0.9668418486211193, 0.9679856506141972
"a", 5, 3, 100, 96, "23/07/2019 19:24:10", 1563902650.56, 1.0, 18340, 18457, 18398, 0.9965103598691385, 0.9703635477054776, 0.9716273507989999
"a", 5, 3, 100, 97, "23/07/2019 19:25:12", 1563902712.75, 1.0, 18340, 18457, 18398, 0.9964558342420938, 0.967817088367557, 0.9694532014349386
"a", 5, 3, 100, 98, "23/07/2019 19:26:12", 1563902772.94, 1.0, 18340, 18457, 18398, 0.9937295528898582, 0.9676545484098175, 0.9665180997934558
"a", 5, 3, 100, 99, "23/07/2019 19:27:13", 1563902833.75, 1.0, 18340, 18457, 18398, 0.9972737186477645, 0.9710678875223493, 0.9695075551690401
"a", 5, 3, 100, 100, "23/07/2019 19:28:09", 1563902889.75, 1.0, 18340, 18457, 18398, 0.996401308615049, 0.9697133878745191, 0.9693444939667355
